Title,Price,Original Price,Discount,Stock,Delivery
AQUA Elektronik Smart Android TV AQT32K701A 32 Inch Android 11,Rp1.758.900,Rp1.945.000,10%,Stok Total: 87,Dikirim dari Kota Administrasi Jakarta Utara
AQUA Elektronik LE58AQT6700UG Android TV Smart AI 58 Inch 4K,Rp4.898.900,N/A,N/A,Stok Total: 99,Dikirim dari Kota Administrasi Jakarta Utara
AQUA Elektronik 4K HDR Google TV 50 Inch AQT50K800UX,Rp4.699.000,Rp5.670.000,17%,Stok Total: 15,Dikirim dari Kota Administrasi Jakarta Utara
AQUA Elektronik Smart Android TV LE43AQT6700FG 43 Inch - Android 11,Rp2.698.900,N/A,N/A,Stok Total: 82,Dikirim dari Kota Administrasi Jakarta Utara
N/A,Rp299.000,Rp597.999,50%,Stok: 25,Dikirim dari Kab. Tangerang
Kertas Sembahyang Leluhur Ceng Beng Qing Ming Elektronik Televisi,Rp80.000,N/A,N/A,Stok Total: 12,Dikirim dari Kota Surabaya
Tekiro Tang Mini 3 Pcs - Tang Elektronik TEKIRO - Tang Mini 3 Pcs,Rp107.800,N/A,N/A,Stok: 23,Dikirim dari Kota Administrasi Jakarta Timur
EXTRA BUBBLE WRAP UNTUK PENGAMAN EXTRA PACKING AMAN ELEKTRONIK - Besar,Rp4.000,N/A,N/A,Stok: 801,Dikirim dari Kota Administrasi Jakarta Pusat
OBENG SET 31 IN 1 SCREWDRIVER FOR HANDPHONE AND ELEKTRONIK,Rp14.900,N/A,N/A,Stok Total: 18,Dikirim dari Kota Bandung
AZKO Krisbow Stop Kontak 6 Soket Dengan Port Usb A & Type C - Putih Electric Socket Terminal Colokan Listrik Kotak Kontak Peralatan Elektronik,Rp299.900,N/A,N/A,Stok Total: Sisa 3,Dikirim dari Kota Administrasi Jakarta Pusat
breket ac outdoor tebel,Rp41.000,N/A,N/A,Stok Total: Sisa 5,Dikirim dari Jakarta Timur
"PIPA AC Daikin DSP 1/4 - 3/8 (AC 0,5 - 1 PK) 30 Meter",Rp2.679.000,Rp2.764.706,3%,Stok Total: Sisa 5,Dikirim dari Jakarta Utara
Electrolux Kulkas 4 Pintu 541L EQE4900A-B / EQE 4900A-B / EQE4900 A-B,Rp11.051.000,Rp13.506.000,18%,Stok Total: 20,Dikirim dari Kota Administrasi Jakarta Utara
AC Daikin FTC25NV14 1 PK Split Standar Thailand R32,Rp4.729.000,N/A,N/A,Stok Total: Sisa 9,Dikirim dari Kota Tangerang
"MANIFOLD VALUE R22,R407,R404 R134",Rp580.000,N/A,N/A,Stok Total: 493,Dikirim dari Jakarta Barat
N/A,Rp59.000,Rp100.000,41%,Stok: 9.799,Dikirim dari Kab. Tangerang
BATERAI UNIVERSAL 602030 20MM X 30MM MODEL SOKET BATERAI ELEKTRONIK,Rp27.000,N/A,N/A,Stok Total: 9998,Dikirim dari Jakarta Barat
Box X6 - Box Plastik Elektronik X 6,Rp15.000,N/A,N/A,Stok Total: 99776,Dikirim dari Kota Tangerang
Contact Cleaner Pembersih Perangkat Elektronik Kipas PC Laptop Komputer,Rp25.000,N/A,N/A,Stok Total: Sisa 2,Dikirim dari Kota Administrasi Jakarta Timur
ECU captiva diesel NFL C100 non facelift Z20S elektronik control unit chevrolet,Rp5.000.000,N/A,N/A,Stok Total: Sisa 1,Dikirim dari Jakarta Barat
Ecu elektronik control unit komputer daihatsu grandmax 89560-BZ460,Rp4.000.000,N/A,N/A,Stok Total: Sisa 1,Dikirim dari Jakarta Barat
N/A,Rp249.800,Rp455.000,45%,Stok: 976,Dikirim dari Kab. Tangerang
"Baut payung casing,modul elektronik M2,6x7mm putih drat halus",Rp260,N/A,N/A,Stok Total: 40,Dikirim dari Jakarta Timur
Solder Listrik Timah Elektronik Iron Automatic 60W,Rp99.800,N/A,N/A,Stok Total: 81,Dikirim dari Kota Bandung
N/A,Rp14.200,Rp29.000,51%,Stok: 717,Dikirim dari Kota Administrasi Jakarta Utara
BREKET AC DADO 2-5PK DUDUKAN AUTDOR,Rp80.000,N/A,N/A,Stok Total: Sisa 3,Dikirim dari Jakarta Timur
Kompresor (Compressor) - Tecumseh CAJ 2464 Z,Rp8.500.000,N/A,N/A,Stok Total: Sisa 3,Dikirim dari Kota Administrasi Jakarta Barat
Replacement untuk Filter Blueair Sense+ / Sense HEPA+CARBON FILTER,Rp569.000,Rp1.249.000,54%,Stok Total: 60,Dikirim dari Jakarta Barat
Kompresor (Compressor) - Tecumseh CAJ 9480 Z,Rp6.500.000,N/A,N/A,Stok Total: 12,Dikirim dari Kota Administrasi Jakarta Barat
TaffHOME Cover Angin AC Adjustable Windshield Deflector - WB588,Rp49.500,N/A,N/A,Stok Total: 1000,Dikirim dari Jakarta Barat
N/A,Rp35.000,N/A,N/A,Stok Total: 99996,Dikirim dari Jakarta Utara
"Kepala Charger untuk senter, kipas dan benda elektronik lainya, mulai dari Type-c, Bulat dan Micro - Micro",Rp1.500,N/A,N/A,Stok: 1.497,Dikirim dari Jakarta Pusat
REAL AMPERE ADAPTOR DC 24V 5A POWER SUPPLY 24V DC 24 VDC 5 AMPERE Laptop Elektronik Computer Kabel Komputer Plastik Pc,Rp64.999,N/A,N/A,Stok Total: 151,Dikirim dari Kota Surabaya
Cleaner & Degreaser For Electronic GST52 Pembersih Elektronik 400ml,Rp40.000,N/A,N/A,Stok Total: 575,Dikirim dari Kab. Bogor
Cooling Mini Exhaust Fan Kipas Pendingin TV Box Cooler USB Alat Elektronik Blower Cabinet 2400 Rpm,Rp42.500,Rp65.000,35%,Stok Total: 100,Dikirim dari Kota Administrasi Jakarta Barat
sperpats elektronik campur real foto harga borongan komponen parts,Rp65.000,N/A,N/A,Stok Total: Sisa 1,Dikirim dari Kota Surabaya
Screwdriver Obeng Peralatan Elektronik 5 mm - 8 INCH ( - ),Rp10.000,N/A,N/A,"Stok: 99,9 rb",Dikirim dari Kota Administrasi Jakarta Barat
Cleaning Pen Pena Pembersih untuk TWS & Perangkat Elektronik universal - White,Rp19.900,Rp59.000,66%,Stok: 224,Dikirim dari Kota Administrasi Jakarta Barat
Jam Tangan Anak Elektronik LED Digital display Karakter Motif Kartun - Orange Rabit,Rp12.500,N/A,N/A,Stok: 469,Dikirim dari Kota Depok
Obeng Set Multi 13 in 1 Screwdriver Handphone Elektronik HP Laptop Obeng Set 13 Mata - Obeng 13 in 1,Rp12.500,N/A,N/A,Stok: 9.941,Dikirim dari Kota Tangerang
SHARP FP-J50Y-H Air Purifier Plasmacluster,Rp2.899.000,N/A,N/A,Stok Total: Sisa 2,Dikirim dari Kota Administrasi Jakarta Utara
"CAPASITOR KOMPRESOR AC 50MIKRO.50+1, 5.50+2 CBB65-R 450VAC - 50MIKRO",Rp40.000,N/A,N/A,Stok: 42,Dikirim dari Jakarta Timur
acrylic ac/akrilik ac/talang ac/penghalang angin ac 2pk -2.5 pk p120cm,Rp145.000,N/A,N/A,Stok Total: 1875,Dikirim dari Jakarta Barat
COOLZY-GO PORTABLE AC,Rp3.270.000,N/A,N/A,Stok Total: 48,Dikirim dari Kab. Bekasi
Houseen Cover Angin AC Adjustable Windshield Deflector Z DFB1 White,Rp26.000,Rp55.000,53%,Stok Total: Sisa 1,Dikirim dari Kota Yogyakarta
pinset elektronik lurus tebal st10 vetus,Rp9.900,N/A,N/A,Stok Total: 838,Dikirim dari Kab. Bekasi
kap lampu T8 elektronik 10watt 30cm,Rp47.000,N/A,N/A,Stok Total: 20,Dikirim dari Jakarta Pusat
N/A,Rp4.499.000,Rp4.999.000,10%,Stok Total: Sisa 10,Dikirim dari Kota Administrasi Jakarta Utara
Mainan anak game console elektronik DM pop it elektrik fidget toys - TANPA BATERAI,Rp30.500,Rp38.800,21%,Stok: 227,Dikirim dari Jakarta Utara
TEKIRO HK-EL1198 kunci L set untuk elektronik 7 pcs ukuran 0.71 mm - 3 mm / kunci L kecil,Rp21.900,N/A,N/A,Stok Total: 992,Dikirim dari Kota Bandung
organ elektronik multifungsi anak laki-laki dan perempuan pemula 61 kunci piano portable rumah bayi 3-6-12 tahun mainan musik,Rp165.000,Rp198.880,17%,Stok Total: 186,Dikirim dari Kab. Tangerang
TIMAH GULUNG SOLDER 10METER 60/40 0.8MM Tenol Elektronik,Rp15.500,N/A,N/A,Stok Total: 65,Dikirim dari Jakarta Barat
"Timbangan Badan Kaca Digital Body Elektronik Kartun 180kg KARTUN SCA - bebek putih, 25x21cm",Rp40.999,N/A,N/A,Stok: 6.465,N/A
PHILIPS EBCI 1-2 14-28W 220V-240V-Ballast Elektronik TL5 14 / 21/ 28,Rp125.750,N/A,N/A,Stok Total: 984,Dikirim dari Jakarta Pusat
ballast elektronik philips 2x36w EB-P 236 TLD trafo elektronic,Rp62.500,N/A,N/A,Stok Total: 144,Dikirim dari Jakarta Pusat
"BLACKPINK - Kartu Uang Elektronik Etoll Flazz Gen 2/ Emoney 1 sisi - BP-3, EMONEY",Rp79.999,Rp99.999,20%,Stok: 100,Dikirim dari Jakarta Barat
Autofit Contact Cleaner 220gr Pembersih Komponen Elektronik Mobil,Rp46.000,Rp100.000,54%,Stok Total: 380,Dikirim dari Jakarta Timur
"AQUA Elektronik LE58AQT6700UG Android TV Smart AI 58"" 4K - 58AQT6700",Rp5.299.000,Rp6.589.000,20%,Stok Total: 33,Dikirim dari Kota Administrasi Jakarta Utara
REXCO18 SEMPROT COMPONEN ELEKTRONIK / REXCO CONTACT CLEANER 220ML,Rp38.000,N/A,N/A,Stok Total: Sisa 8,Dikirim dari Kota Tangerang Selatan
Timbangan Sendok ukur Digital Mini Elektronik 300g layar dengan LCD,Rp139.999,N/A,N/A,Stok Total: 82,Dikirim dari Kota Administrasi Jakarta Barat
N/A,Rp45.000,Rp90.000,50%,Stok Total: 83,Dikirim dari Kota Administrasi Jakarta Utara
Rubber Feet Kaki Karet sticker pad furniture meja kursi elektronik - 12.7x3mmTranspr,Rp18.900,N/A,N/A,Stok: 65,Dikirim dari Kota Cimahi
modul mbr stepdown xl4016 cc cv power supply servis elektronik,Rp45.000,N/A,N/A,Stok Total: 81,Dikirim dari Kota Tangerang
TK-05 Pengaris Ukur Elektronik Jangka Sorong Digital Sketmat Vernier Caliper 150mm / Kaliper Lcd Screen,Rp38.000,Rp45.500,16%,Stok Total: 291,Dikirim dari Kota Administrasi Jakarta Barat
JDM11-6H JDM11 6H 220V Display 6 Digit Counter Elektronik SC58,Rp107.000,N/A,N/A,Stok Total: 99674,Dikirim dari Kota Administrasi Jakarta Utara
N/A,Rp127.200,N/A,N/A,Stok Total: Sisa 6,Dikirim dari Kota Malang
travo ballast Elektronik EB-CI 1-2 36w/1-4 18w Philips original,Rp85.000,N/A,N/A,Stok Total: 84,Dikirim dari Jakarta Pusat
Sarung Remote TV AC Electronic Silicone Cover remot kontrol elektronik pelindung remote GOOD - 16X6,Rp12.750,N/A,N/A,Stok: 998,Dikirim dari Jakarta Barat
Mainan Edukasi Anak Buku Pintar Elektronik E-Book 3 Bahasa (JJ02) - JJ02 PACKKUNING,Rp59.999,N/A,N/A,Stok: Sisa 6,Dikirim dari Jakarta Barat
Murah..12 IN 1 Electric Stationery Set / Set Alat Tulis Elektronik Rautan Penghapus Vacuum Pencil /Set Alat Tulis Elektronik Belajar Anak Perempuan Kado,Rp200.000,N/A,N/A,Stok Total: 870,Dikirim dari Kota Bandung
N/A,Rp5.399.000,Rp5.969.000,10%,Stok Total: Sisa 10,Dikirim dari Kota Administrasi Jakarta Utara
N/A,Rp59.000,Rp100.000,41%,Stok: 9.799,Dikirim dari Kab. Tangerang
"168 In 1 Mainan Tamagotchi Hewan,Peliharaan Virtual Hewan Elektronik - rumah",Rp32.200,N/A,N/A,Stok: 824,Dikirim dari Kab. Tangerang
Philips balast elektronik ETE 10 MR16 led,Rp50.000,N/A,N/A,Stok Total: 80,Dikirim dari Kota Administrasi Jakarta Pusat
IDEALIFE - Kompor Listrik Elektronik Kompor Listrik 2 Tungku IL-402,Rp460.000,N/A,N/A,Stok Total: 76,Dikirim dari Jakarta Utara
Timah Solder 0.8mm 50gram 50g Tenol Elektronik - 50gram,Rp12.000,N/A,N/A,Stok: 877,Dikirim dari Kota Administrasi Jakarta Pusat
Klakson TELOLET BASURI TIGA TOA VIRAL elektronik 12 v,Rp850.000,N/A,N/A,Stok Total: 129,Dikirim dari Kab. Bekasi
Trafo elektrik Ballast elektronik lampu TL neon 20w  40w,Rp18.000,N/A,N/A,Stok Total: 499,Dikirim dari Kota Tangerang
Kipas Fan AC 12x12 CM Klop Pendingin Elektronik - Not Specified,Rp62.500,N/A,N/A,"Stok: 99,9 rb",Dikirim dari Kota Bandung
Kabel 1x7 Serabut Roll Tembaga AWG Elektronik LED Praktikum PCB - Biru,Rp22.000,N/A,N/A,Stok: 880,Dikirim dari Kota Surakarta
Akrilik Talang AC / Reflektor / Talang / Penahan Hembusan Angin AC 2PK - 2MM-GOJEK/GRAB,Rp77.500,N/A,N/A,Stok: 9.309,Dikirim dari Jakarta Pusat
COOLZY LONG TAIL,Rp750.000,N/A,N/A,Stok Total: 69,Dikirim dari Kab. Bekasi
Basic (Family Set) - Soda maker by Sodafresh | DrinkMate style,Rp1.939.000,N/A,N/A,Stok Total: 39,Dikirim dari Kota Administrasi Jakarta Pusat
Oxone OX833S Standing Mixer with Stainless Steel Rotating Bowl,Rp695.200,Rp790.000,12%,Stok Total: 292,Dikirim dari Kota Administrasi Jakarta Utara
Nutribullet 600W Blue Blender Smoothies Maker,Rp1.555.900,N/A,N/A,Stok Total: 47,Dikirim dari Kota Administrasi Jakarta Selatan
