Title,Price,Original Price,Discount,Stock,Delivery,Link
"NEW Apple Macbook Air 2022 M2 Chip 13"" 8GB 256GB SSD MLXW3 MLXY3 MLY13 - MIDNIGHT, 256GB APPLE",Rp14.099.998,Rp18.299.000,23%,Stok: 17,Dikirim dari Jakarta Pusat,https://www.tokopedia.com/onestopgaming/new-apple-macbook-air-2022-m2-chip-13-8gb-256gb-ssd-mlxw3-mlxy3-mly13-midnight-256gb-apple-d2745?extParam=ivf%3Dtrue%26keyword%3Dmacbook&src=topads
MacBook Air M2 2022 Chip 13 Inch 256GB 512GB NEW Original - M1 8/256 + Cas,Rp8.850.000,N/A,N/A,Stok: Sisa 7,Dikirim dari Jakarta Selatan,https://www.tokopedia.com/soyustore/macbook-air-m2-2022-chip-13-inch-256gb-512gb-new-original-1730831284405437607?extParam=ivf%3Dtrue%26keyword%3Dmacbook&src=topads
"Apple MacBook Air M4 2025 13"" Inch 512GB 256GB RAM 16GB 24GB 16GB 256GB | 16GB 512GB | 24GB 512GB - 16GB 256GB, SKY BLUE",Rp18.649.000,N/A,N/A,Stok: Sisa 10,Dikirim dari Kota Administrasi Jakarta Barat,https://www.tokopedia.com/grenpeelstore/apple-macbook-air-m4-2025-13-inch-512gb-256gb-ram-16gb-24gb-16gb-256gb-16gb-512gb-24gb-512gb-1730992138852009684?extParam=ivf%3Dfalse%26keyword%3Dmacbook&src=topads
Macbook Air 2018 2019 13 inch Ram 8 Ssd 128gb//256Gb Second Murah - 2017 8/128GB,Rp3.880.000,N/A,N/A,Stok: Sisa 8,Dikirim dari Jakarta Selatan,https://www.tokopedia.com/soyustore/macbook-air-2018-2019-13-inch-ram-8-ssd-128gb-256gb-second-murah-2017-8-128gb-18be1?extParam=ivf%3Dfalse%26keyword%3Dmacbook&src=topads
"Macbook Pro 2024 14"" Inch M4 | M4 Pro | M4 Max 1TB 512 SSD RAM 16GB 24GB 36GB - M4 16/512GB, SILVER",Rp25.999.000,N/A,N/A,Stok: Sisa 10,Dikirim dari Kota Administrasi Jakarta Barat,https://www.tokopedia.com/grenpeelstore/macbook-pro-2024-14-inch-m4-m4-pro-m4-max-1tb-512-ssd-ram-16gb-24gb-36gb-m4-16-512gb-silver-3ec6c?extParam=ivf%3Dfalse%26keyword%3Dmacbook&src=topads
Charger Macbook PRO AIR Magsafe2 45W 60W 85W Magsafe 2 60 Watt Adapter - 45W,Rp280.000,Rp1.250.000,78%,Stok: 2.103,Dikirim dari Jakarta Pusat,https://www.tokopedia.com/originalprojkt/charger-macbook-pro-air-magsafe2-45w-60w-85w-magsafe-2-60-watt-adapter-45w-0e16c?extParam=ivf%3Dtrue%26keyword%3Dmacbook%26search_id%3D202504250522126AD837EA52A731022ZIV%26src%3Dsearch
Lcd MacBook Air A1466 A1465 A1369 A1370 A1278 Dan LCD Only A1466 A1278 - LCD Only A1278,Rp800.000,N/A,N/A,Stok: 32,Dikirim dari Jakarta Pusat,https://www.tokopedia.com/cputechnologhy/lcd-macbook-air-a1466-a1465-a1369-a1370-a1278-dan-lcd-only-a1466-a1278-lcd-only-a1278?extParam=ivf%3Dfalse%26keyword%3Dmacbook%26search_id%3D202504250522126AD837EA52A731022ZIV%26src%3Dsearch
KEPALA COLOKAN LISTRIK CHARGER MACBOOK IPAD 3 APPLE AC PLUG KAKI 2 ORI - TYPE B -ac plug,Rp22.500,N/A,N/A,Stok: 234,Dikirim dari Jakarta Pusat,https://www.tokopedia.com/originalprojkt/kepala-colokan-listrik-charger-macbook-ipad-3-apple-ac-plug-kaki-2-ori-type-b-ac-plug-8cfff?extParam=ivf%3Dtrue%26keyword%3Dmacbook%26search_id%3D202504250522126AD837EA52A731022ZIV%26src%3Dsearch
TOUCHBAR MACBOOK A1706/A1989 A1707/A1990 A2159 A2289/A2251/A2338 A2141 - A1707/A1990,Rp300.000,N/A,N/A,Stok: 49,Dikirim dari Jakarta Pusat,https://www.tokopedia.com/cputechnologhy/touchbar-macbook-a1706-a1989-a1707-a1990-a2159-a2289-a2251-a2338-a2141-a1707-a1990?extParam=ivf%3Dfalse%26keyword%3Dmacbook%26search_id%3D202504250522126AD837EA52A731022ZIV%26src%3Dsearch
"Apple Macbook Air M3 13"" inch 2024 - Garansi Resmi Apple Indonesia iBox - 8/256 GB, Starlight",Rp15.649.000,Rp19.999.000,22%,Stok: Sisa 7,Dikirim dari Kota Administrasi Jakarta Utara,https://www.tokopedia.com/universestore/apple-macbook-air-m3-13-inch-2024-garansi-resmi-apple-indonesia-ibox-8-256-gb-starlight-bda80?extParam=ivf%3Dfalse%26keyword%3Dmacbook%26search_id%3D202504250522126AD837EA52A731022ZIV%26src%3Dsearch
"LAPTOP MACBOOK PRO 2010,RAM 8 GB,SSD 128 GB",Rp1.500.000,N/A,N/A,Stok Total: Sisa 1,Dikirim dari Jakarta Pusat,https://www.tokopedia.com/shinnotebook/laptop-macbook-pro-2010-ram-8-gb-ssd-128-gb-1730810680585586681?extParam=ivf%3Dfalse%26keyword%3Dmacbook&src=topads
Apple Macbook Pro 2017 13inch i5 Non TouchBar 256GB 512GB Second - 8GB SSD 128GB,Rp4.500.000,N/A,N/A,Stok: Sisa 1,Dikirim dari Jakarta Barat,https://www.tokopedia.com/newrc/apple-macbook-pro-2017-13inch-i5-non-touchbar-256gb-512gb-second-8gb-ssd-128gb-a339d?extParam=ivf%3Dfalse%26keyword%3Dmacbook&src=topads
APPLE MacBook Air 13 M3 Chip 2024 8-Core/10-Core GPU 13.6 Resmi IBOX - 8-Core 16G/256G,Rp16.149.000,Rp20.999.000,23%,Stok: 1.426,Dikirim dari Kota Administrasi Jakarta Pusat,https://www.tokopedia.com/collinsofficial/apple-macbook-air-13-m3-chip-2024-8-core-10-core-gpu-13-6-resmi-ibox-8-core-16g-256g-0d969?extParam=ivf%3Dfalse%26keyword%3Dmacbook&src=topads
"Apple MacBook Air 2022 M2 Chip 13"" Inch 512GB 256GB RAM 8GB - Apple, 256GB MIDNIGHT",Rp14.100.000,Rp16.899.000,17%,Stok: 16,Dikirim dari Kota Administrasi Jakarta Pusat,https://www.tokopedia.com/studioponsel/apple-macbook-air-2022-m2-chip-13-inch-512gb-256gb-ram-8gb-apple-256gb-midnight-b216b?extParam=ivf%3Dfalse%26keyword%3Dmacbook&src=topads
"Apple MacBook Air M4 2025 15"" Inch 512GB 256GB RAM 16GB 24GB 16GB 256GB | 16GB 512GB | 24GB 512GB - 16GB 256GB, SKY BLUE",Rp25.199.000,N/A,N/A,Stok: Sisa 10,Dikirim dari Kota Administrasi Jakarta Barat,https://www.tokopedia.com/grenpeelstore/apple-macbook-air-m4-2025-15-inch-512gb-256gb-ram-16gb-24gb-16gb-256gb-16gb-512gb-24gb-512gb-1730992182937159380?extParam=ivf%3Dfalse%26keyword%3Dmacbook&src=topads
"Apple Macbook Air M1 M2 8GB 16GB 256GB 512GB 13"" inch - Space Gray, M1 8GB 256GB",Rp10.589.000,Rp33.999.000,69%,Stok: 249,Dikirim dari Jakarta Pusat,https://www.tokopedia.com/distrilapid/apple-macbook-air-m1-m2-8gb-16gb-256gb-512gb-13-inch-space-gray-m1-8gb-256gb-1b90b?extParam=ivf%3Dfalse%26keyword%3Dmacbook%26search_id%3D202504250522126AD837EA52A731022ZIV%26src%3Dsearch
N/A,Rp135.490,Rp195.000,31%,Stok: 3.321,Dikirim dari Kota Administrasi Jakarta Barat,https://www.tokopedia.com/unitagstore/kepala-charger-for-iphone-samsung-ipad-macbook-ugreen-adaptor-charger-nexode-300w-140w-100w-65w-45w-20w-type-c-fast-charging-1730273091131770856?extParam=ivf%3Dfalse%26keyword%3Dmacbook%26search_id%3D202504250522126AD837EA52A731022ZIV%26src%3Dsearch%26whid%3D96703
HARDCASE NEW MACBOOK AIR 13 inch 2020 2021 M1 A2337 A2237 A2179 RETINA - Keyboard,Rp45.000,N/A,N/A,Stok: Sisa 5,Dikirim dari Jakarta Pusat,https://www.tokopedia.com/originalprojkt/hardcase-new-macbook-air-13-inch-2020-2021-m1-a2337-a2237-a2179-retina-keyboard?extParam=ivf%3Dtrue%26keyword%3Dmacbook%26search_id%3D202504250522126AD837EA52A731022ZIV%26src%3Dsearch
"Anker Prime Charging 200W 6 Port GaN Desktop Charge Type C PD Fast Charging Charging Station Compatible for Iphone, Samsung, Macbook - A2683",Rp998.000,Rp2.499.000,60%,Stok Total: Sisa 2,Dikirim dari Jakarta Utara,https://www.tokopedia.com/ankerflagshipstore/anker-prime-charging-200w-6-port-gan-desktop-charge-type-c-pd-fast-charging-charging-station-compatible-for-iphone-samsung-macbook-a2683-1730868463523432119?extParam=ivf%3Dfalse%26keyword%3Dmacbook%26search_id%3D202504250522126AD837EA52A731022ZIV%26src%3Dsearch
"APPLE 30W CHARGER MACBOOK 13 AIR M1 2020-21 ADAPTER KABEL 13"" ORIGINAL - 30Watt ONLY",Rp325.000,N/A,N/A,Stok: 1.581,Dikirim dari Jakarta Pusat,https://www.tokopedia.com/originalprojkt/apple-30w-charger-macbook-13-air-m1-2020-21-adapter-kabel-13-original-30watt-only-ea0d5?extParam=ivf%3Dfalse%26keyword%3Dmacbook%26search_id%3D202504250522126AD837EA52A731022ZIV%26src%3Dsearch
"MOVIO Laptop Sleeve - Tas Laptop Premium / Cover Case - Macbook - Hitam, 11/12 Inch",Rp59.000,Rp149.000,60%,Stok: 321,Dikirim dari Kota Administrasi Jakarta Barat,https://www.tokopedia.com/movioofficialstore/movio-laptop-sleeve-tas-laptop-premium-cover-case-macbook-hitam-11-12-inch?extParam=ivf%3Dfalse%26keyword%3Dmacbook%26search_id%3D202504250522126AD837EA52A731022ZIV%26src%3Dsearch
"sleeve leather macbook new air 11 12 13 15 pro retina touch bar laptop - Cokelat, 11 INCH",Rp147.000,N/A,N/A,Stok: 27,Dikirim dari Jakarta Pusat,https://www.tokopedia.com/originalprojkt/sleeve-leather-macbook-new-air-11-12-13-15-pro-retina-touch-bar-laptop-cokelat-11-inch-8a9ee?extParam=ivf%3Dtrue%26keyword%3Dmacbook%26search_id%3D202504250522126AD837EA52A731022ZIV%26src%3Dsearch
KABEL CHARGER USB TYPE C to C ke ipad APPLE ORIGINAL 30W 61W MACBOOK - 1 Meter,Rp150.000,N/A,N/A,Stok: 581,Dikirim dari Jakarta Pusat,https://www.tokopedia.com/originalprojkt/kabel-charger-usb-type-c-to-c-ke-ipad-apple-original-30w-61w-macbook-1-meter-cab63?extParam=ivf%3Dfalse%26keyword%3Dmacbook%26search_id%3D202504250522126AD837EA52A731022ZIV%26src%3Dsearch
Apple USB-C to Lightning Cable (2M) - Original iPad iPhone Macbook Pro,Rp245.000,N/A,N/A,Stok Total: 99833,Dikirim dari Jakarta Pusat,https://www.tokopedia.com/bestdealofficial/apple-usb-c-to-lightning-cable-2m-original-ipad-iphone-macbook-pro?extParam=ivf%3Dfalse%26keyword%3Dmacbook%26search_id%3D202504250522126AD837EA52A731022ZIV%26src%3Dsearch
Adaptor Charger Macbook pro 13 15 inch 61W 87W watt usb type C adapter - CABLE C TO C 2M,Rp160.000,N/A,N/A,Stok: 124,Dikirim dari Jakarta Pusat,https://www.tokopedia.com/originalprojkt/adaptor-charger-macbook-pro-13-15-inch-61w-87w-watt-usb-type-c-adapter-cable-c-to-c-2m-b9aba?extParam=ivf%3Dfalse%26keyword%3Dmacbook%26search_id%3D202504250522126AD837EA52A731022ZIV%26src%3Dsearch
"Apple Macbook Air M4  2025 13 inch 15 inch 512GB 256GB Ram 16GB 24GB - 13"" 16/256GB, Midnight",Rp18.649.000,N/A,N/A,Stok: 18,Dikirim dari Kota Administrasi Jakarta Pusat,https://www.tokopedia.com/studio-apple/apple-macbook-air-m4-2025-13-inch-15-inch-512gb-256gb-ram-16gb-24gb-1730996854833252100?extParam=ivf%3Dtrue%26keyword%3Dmacbook&src=topads
"Apple Macbook Air M1 M2 8GB 16GB 256GB 512GB 13"" inch - Space Gray, M1 8GB 256GB",Rp10.589.000,Rp33.999.000,69%,Stok: 249,Dikirim dari Jakarta Pusat,https://www.tokopedia.com/distrilapid/apple-macbook-air-m1-m2-8gb-16gb-256gb-512gb-13-inch-space-gray-m1-8gb-256gb-1b90b?extParam=ivf%3Dfalse%26keyword%3Dmacbook&src=topads
"Apple MacBook Pro M4 Chip 14-Inch 1TB 512GB SSD 24GB RAM Grey Silver - 16/512GB, Space Black",Rp25.942.998,Rp36.000.000,28%,Stok: 33,Dikirim dari Jakarta Pusat,https://www.tokopedia.com/onestopgaming/apple-macbook-pro-m4-chip-14-inch-1tb-512gb-ssd-24gb-ram-grey-silver-16-512gb-space-black-429c0?extParam=ivf%3Dtrue%26keyword%3Dmacbook&src=topads
"Apple Macbook Air M2 Chip 2022 13 inch 256GB 512GB Spacegray Silver Midnight Starlight - 512GB, Midnight CPO",Rp14.899.000,N/A,N/A,Stok: Sisa 10,Dikirim dari Kota Administrasi Jakarta Pusat,https://www.tokopedia.com/ampmexpress/apple-macbook-air-m2-chip-2022-13-inch-256gb-512gb-spacegray-silver-midnight-starlight-1731040574012229456?extParam=ivf%3Dfalse%26keyword%3Dmacbook&src=topads
"Apple MacBook Air M4 2025 13 15 Inch RAM 16GB 24GB 16/256GB 16/512GB 24/512GB - 13"" 16GB/256GB, Midnight",Rp18.649.000,N/A,N/A,Stok: 102,Dikirim dari Kota Administrasi Jakarta Utara,https://www.tokopedia.com/armyapple/apple-macbook-air-m4-2025-13-15-inch-ram-16gb-24gb-16-256gb-16-512gb-24-512gb-1730977260865029515?extParam=ivf%3Dtrue%26keyword%3Dmacbook&src=topads
UGREEN Powerbank Fast Charging Laptop Macbook Pro Air 20000mAh 25000mAh USB Type C - 20000 mAh,Rp699.000,Rp1.250.000,44%,Stok: 78,Dikirim dari Kota Administrasi Jakarta Barat,https://www.tokopedia.com/ugreen-indonesia-by-unitag/ugreen-powerbank-fast-charging-laptop-macbook-pro-air-20000mah-25000mah-usb-type-c-20000-mah-67d4c?extParam=ivf%3Dtrue%26keyword%3Dmacbook%26search_id%3D202504250522126AD837EA52A731022ZIV%26src%3Dsearch%26whid%3D11902790
Vivan VPB-B50 50000mAh PD 65W Big Powerbank Laptop Macbook Flashlight,Rp626.000,Rp650.000,4%,Stok Total: 10131,Dikirim dari Jakarta Pusat,https://www.tokopedia.com/bestdealofficial/vivan-vpb-b50-50000mah-pd-65w-big-powerbank-laptop-macbook-flashlight?extParam=ivf%3Dfalse%26keyword%3Dmacbook%26search_id%3D202504250522126AD837EA52A731022ZIV%26src%3Dsearch
"Apple Macbook Pro M4 14 inch - Garansi Resmi Apple Indonesia iBox - 16/512 GB, Space Black",Rp26.249.000,Rp27.800.000,6%,Stok: 25,Dikirim dari Kota Administrasi Jakarta Utara,https://www.tokopedia.com/universestore/apple-macbook-pro-m4-14-inch-garansi-resmi-apple-indonesia-ibox-1730795385944835487?extParam=ivf%3Dfalse%26keyword%3Dmacbook%26search_id%3D202504250522126AD837EA52A731022ZIV%26src%3Dsearch
"Macbook Air 13 M2 2022 A2681 Hard Shell Case 13.6 inch Casing Cover - Keyboard , Air m2 A2681",Rp40.000,N/A,N/A,Stok: 156,Dikirim dari Jakarta Pusat,https://www.tokopedia.com/kingbag/macbook-air-13-m2-2022-a2681-hard-shell-case-13-6-inch-casing-cover-keyboard-air-m2-a2681-2700b?extParam=ivf%3Dfalse%26keyword%3Dmacbook%26search_id%3D202504250522126AD837EA52A731022ZIV%26src%3Dsearch
CHARGER Mag2 45W MACBOOK PRO AIR 60W 13 inch 2012 2013 2014 2016 2015 - 45 WATT,Rp280.000,N/A,N/A,Stok: 2.626,Dikirim dari Jakarta Pusat,https://www.tokopedia.com/originalprojkt/charger-mag2-45w-macbook-pro-air-60w-13-inch-2012-2013-2014-2016-2015-45-watt?extParam=ivf%3Dtrue%26keyword%3Dmacbook%26search_id%3D202504250522126AD837EA52A731022ZIV%26src%3Dsearch
Crystal Case for Macbook Air M1 13.3 Inch Gen 4 2020 A2337,Rp75.000,N/A,N/A,Stok Total: 95,Dikirim dari Kota Administrasi Jakarta Pusat,https://www.tokopedia.com/areahp/crystal-case-for-macbook-air-m1-13-3-inch-gen-4-2020-a2337?extParam=ivf%3Dfalse%26keyword%3Dmacbook%26search_id%3D202504250522126AD837EA52A731022ZIV%26src%3Dsearch
"sleeve leather macbook new air 11 12 13 15 pro retina touch bar case - Hitam, 13 INCH",Rp169.000,N/A,N/A,Stok: 188,Dikirim dari Jakarta Pusat,https://www.tokopedia.com/originalprojkt/sleeve-leather-macbook-new-air-11-12-13-15-pro-retina-touch-bar-case-hitam-13-inch?extParam=ivf%3Dtrue%26keyword%3Dmacbook%26search_id%3D202504250522126AD837EA52A731022ZIV%26src%3Dsearch
NB FP2 LAPTOP TRAY PENJEPIT LAPTOP HOLDER MEJA LAPTOP MACBOOK BREKET,Rp249.999,N/A,N/A,Stok Total: 9354,Dikirim dari Jakarta Utara,https://www.tokopedia.com/northbayouofficial/nb-fp2-laptop-tray-penjepit-laptop-holder-meja-laptop-macbook-breket?extParam=ivf%3Dfalse%26keyword%3Dmacbook%26search_id%3D202504250522126AD837EA52A731022ZIV%26src%3Dsearch
Charging Port Macbook A1278 A1398 A1425 A1502 A1465 A1466 A1932 A1706 - A1398,Rp60.000,N/A,N/A,Stok: 11,Dikirim dari Jakarta Pusat,https://www.tokopedia.com/cputechnologhy/charging-port-macbook-a1278-a1398-a1425-a1502-a1465-a1466-a1932-a1706-a1398?extParam=ivf%3Dfalse%26keyword%3Dmacbook%26search_id%3D202504250522126AD837EA52A731022ZIV%26src%3Dsearch
UGREEN Adapter 7in1 Type C USB HUB HDMI Ethernet 100W USB 3.0 Macbook - 4 IN 1 - 15395,Rp199.000,N/A,N/A,Stok: 38,Dikirim dari Kota Administrasi Jakarta Barat,https://www.tokopedia.com/gadventia/ugreen-adapter-7in1-type-c-usb-hub-hdmi-ethernet-100w-usb-3-0-macbook-4-in-1-15395-3caca?extParam=ivf%3Dtrue%26keyword%3Dmacbook%26search_id%3D202504250522126AD837EA52A731022ZIV%26src%3Dsearch
Macbook Pro M1 Pro Chip 16 inch RAM 32 SSD 1TB - Core i9 32/512,Rp10.500.000,N/A,N/A,Stok: Sisa 6,Dikirim dari Kota Tangerang,https://www.tokopedia.com/laptopitup/macbook-pro-m1-pro-chip-16-inch-ram-32-ssd-1tb-1730833905503078307?extParam=ivf%3Dfalse%26keyword%3Dmacbook&src=topads
N/A,Rp4.999.999,N/A,N/A,Stok: 97,Dikirim dari Jakarta Pusat,https://www.tokopedia.com/asvs-pc/laptop-ultratipis-15-6-inci-terbaru-2024-untuk-gaming-dan-rumah-dengan-prosesor-intel-generasi-ke-13-n95-memori-32gb-ddr4-ssd-m-2-1tb-cepat-windows-11-dan-office-terinstal-silver-15-6-32g-1tb-19933?extParam=ivf%3Dtrue%26keyword%3Dmacbook&src=topads
"Macbook Air 2020 13"" M1 16/512GB - M1 8/256 SSD",Rp8.199.000,Rp10.500.000,22%,Stok: 13,Dikirim dari Jakarta Selatan,https://www.tokopedia.com/executive-com/macbook-air-2020-13-m1-16-512gb-m1-8-256-ssd-2b840?extParam=ivf%3Dtrue%26keyword%3Dmacbook&src=topads
"IBOX Apple MacBook Pro M2 M3 Chip 13"" 14"" 16"" Inch 2020 2023 RAM 8GB 18GB 256GB 512GB 1TB - M2 13"", 256GB SILVER",Rp19.849.000,N/A,N/A,Stok: 20,Dikirim dari Kota Administrasi Jakarta Utara,https://www.tokopedia.com/armyapple/ibox-apple-macbook-pro-m2-m3-chip-13-14-16-inch-2020-2023-ram-8gb-18gb-256gb-512gb-1tb-m2-13-256gb-silver-4abe4?extParam=ivf%3Dfalse%26keyword%3Dmacbook&src=topads
"Apple MacBook Air M3 2024 13-Inch 512GB 256GB RAM 16GB - Apple 8/256GB, Silver",Rp16.015.000,Rp19.199.000,17%,Stok: Sisa 7,Dikirim dari Kota Administrasi Jakarta Pusat,https://www.tokopedia.com/studioponsel/apple-macbook-air-m3-2024-13-inch-512gb-256gb-ram-16gb-apple-8-256gb-silver-dbe95?extParam=ivf%3Dfalse%26keyword%3Dmacbook&src=topads
"CASE NEW MACBOOK AIR 13.6 INCH M2 2022 A2681 BENING HARDCASE COVER - CLEAR BENING, Air M2 A2681",Rp129.000,N/A,N/A,Stok: 77,Dikirim dari Jakarta Pusat,https://www.tokopedia.com/kingbag/case-new-macbook-air-13-6-inch-m2-2022-a2681-bening-hardcase-cover-clear-bening-air-m2-a2681-cded3?extParam=ivf%3Dtrue%26keyword%3Dmacbook%26search_id%3D202504250522126AD837EA52A731022ZIV%26src%3Dsearch
Kepala Colokan Listrik Charger Macbook untuk colokan Indonesia,Rp50.500,Rp85.000,41%,Stok Total: 5790,Dikirim dari Jakarta Selatan,https://www.tokopedia.com/macstuff/kepala-colokan-listrik-charger-macbook-untuk-colokan-indonesia?extParam=ivf%3Dtrue%26keyword%3Dmacbook%26search_id%3D202504250522126AD837EA52A731022ZIV%26src%3Dsearch
Silikon Magsafe Charger Macbook Pro Air Case Casing Silicone Tpu Cover - AIR 2019 2020,Rp38.000,Rp78.000,51%,Stok: 21,Dikirim dari Jakarta Pusat,https://www.tokopedia.com/originalprojkt/silikon-magsafe-charger-macbook-pro-air-case-casing-silicone-tpu-cover-air-2019-2020?extParam=ivf%3Dfalse%26keyword%3Dmacbook%26search_id%3D202504250522126AD837EA52A731022ZIV%26src%3Dsearch
Apple Macbook Clear Acrylic Hard Case Protector All Type Semua Tipe - A2338,Rp80.000,N/A,N/A,Stok: 93,Dikirim dari Jakarta Pusat,https://www.tokopedia.com/importiraccstore/apple-macbook-clear-acrylic-hard-case-protector-all-type-semua-tipe-a2338?extParam=ivf%3Dfalse%26keyword%3Dmacbook%26search_id%3D202504250522126AD837EA52A731022ZIV%26src%3Dsearch
"HARGA PROMO MACBOOK AIR 13"" 2017 A1466 GRADE CI5 1.8 GHz  8GB  128GB - GRADE C",Rp2.650.000,N/A,N/A,Stok: 40,Dikirim dari Jakarta Pusat,https://www.tokopedia.com/lablaptopku/harga-promo-macbook-air-13-2017-a1466-grade-ci5-1-8-ghz-8gb-128gb-grade-c-c9651?extParam=ivf%3Dfalse%26keyword%3Dmacbook%26search_id%3D202504250522126AD837EA52A731022ZIV%26src%3Dsearch
UGREEN Uno Adapter HUB USB Type C Robot 6 in 1 For Macbook iPad Laptop PD Extension HDMI 4K 60Hz - 6in1-CM888,Rp299.500,Rp545.000,45%,Stok: Habis,Dikirim dari Kota Administrasi Jakarta Barat,https://www.tokopedia.com/ugreen-indonesia-by-unitag/ugreen-uno-adapter-hub-usb-type-c-robot-6-in-1-for-macbook-ipad-laptop-pd-extension-hdmi-4k-60hz-6in1-cm888-0c72b?extParam=ivf%3Dtrue%26keyword%3Dmacbook%26search_id%3D202504250522126AD837EA52A731022ZIV%26src%3Dsearch
Case for MacBook Air 13 2020/2019/2018 Spigen Thin Fit Hard Cover Casing - Black,Rp707.750,Rp975.000,27%,Stok: Sisa 1,Dikirim dari Kota Bandung,https://www.tokopedia.com/spigen-official/case-macbook-air-13-2020-2019-2018-spigen-thin-fit-hard-cover-casing-black?extParam=ivf%3Dfalse%26keyword%3Dmacbook%26search_id%3D202504250522126AD837EA52A731022ZIV%26src%3Dsearch%26whid%3D17122767
UGREEN Adaptor Converter HUB 5/6/7/9/10 in 1 Type C HDMI RJ45 SD CARD VGA Jack Audio TF for Macbook Laptop - 5in1-3A 1C HDMI,Rp185.000,Rp250.000,26%,Stok: 300,Dikirim dari Kota Administrasi Jakarta Barat,https://www.tokopedia.com/ugreen-indonesia-by-unitag/ugreen-adaptor-converter-hub-5-6-7-9-10-in-1-type-c-hdmi-rj45-sd-card-vga-jack-audio-tf-for-macbook-laptop-1730754378843981246?extParam=ivf%3Dfalse%26keyword%3Dmacbook%26search_id%3D202504250522126AD837EA52A731022ZIV%26src%3Dsearch
Kepala Charger for iPhone Samsung iPad Macbook Laptop UGREEN Adaptor Charger Nexode Pro 30W 45W 65W 100W 160W Type C Fast Charging - 30W,Rp175.100,Rp250.000,30%,Stok: 480,Dikirim dari Kota Administrasi Jakarta Barat,https://www.tokopedia.com/unitagstore/kepala-charger-for-iphone-samsung-ipad-macbook-laptop-ugreen-adaptor-charger-nexode-pro-30w-45w-65w-100w-160w-type-c-fast-charging-1730329542893930472?extParam=ivf%3Dfalse%26keyword%3Dmacbook%26search_id%3D202504250522126AD837EA52A731022ZIV%26src%3Dsearch%26whid%3D96703
LCD Only MacBook Pro A1706 A1708 A1989 A2159 A2251A2289 Air A2179A1932 - LCD ONLY A1706,Rp2.300.000,N/A,N/A,Stok: 16,Dikirim dari Jakarta Pusat,https://www.tokopedia.com/cputechnologhy/lcd-only-macbook-pro-a1706-a1708-a1989-a2159-a2251a2289-air-a2179a1932-lcd-only-a1706?extParam=ivf%3Dfalse%26keyword%3Dmacbook%26search_id%3D202504250522126AD837EA52A731022ZIV%26src%3Dsearch
Apple Macbook Air M2 Chip 2022 8GB/256GB/512GB IBOX - M1/8GB/256GB SG,Rp10.149.000,Rp10.299.000,1%,Stok: 98,Dikirim dari Kota Administrasi Jakarta Pusat,https://www.tokopedia.com/tokobaruofficial/apple-macbook-air-m2-chip-2022-8gb-256gb-512gb-ibox-1730803273314370907?extParam=ivf%3Dfalse%26keyword%3Dmacbook%26search_id%3D202504250522126AD837EA52A731022ZIV%26src%3Dsearch
Kepala Charger for iPhone Samsung iPad Macbook Laptop UGREEN Adaptor Charger Nexode Pro 30W 45W 65W 100W 160W Type C Fast Charging - 30W,Rp174.700,Rp250.000,30%,Stok: 480,Dikirim dari Kota Administrasi Jakarta Barat,https://www.tokopedia.com/ugreen-indonesia-by-unitag/kepala-charger-for-iphone-samsung-ipad-macbook-laptop-ugreen-adaptor-charger-nexode-pro-30w-45w-65w-100w-160w-type-c-fast-charging-1730833590073394622?extParam=ivf%3Dfalse%26keyword%3Dmacbook%26search_id%3D202504250522126AD837EA52A731022ZIV%26src%3Dsearch%26whid%3D11902790
Vention HBK Converter DisplayPort DP To HDMI Female Macbook Windows - HBK 1080p,Rp44.300,N/A,N/A,Stok: 1.477,Dikirim dari Kota Administrasi Jakarta Barat,https://www.tokopedia.com/sinshe-tekno/vention-hbk-converter-displayport-dp-to-hdmi-female-macbook-windows-hbk-1080p?extParam=ivf%3Dfalse%26keyword%3Dmacbook%26search_id%3D202504250522126AD837EA52A731022ZIV%26src%3Dsearch
"SLEEVE BUMPER CASE GEARMAX GM3909 11,6 / 12' INCH FOR MACBOOK LAPTOP - Abu-abu",Rp139.500,Rp279.000,50%,Stok: Sisa 3,Dikirim dari Jakarta Utara,https://www.tokopedia.com/bandaraksesoris/sleeve-bumper-case-gearmax-gm3909-11-6-12-inch-for-macbook-laptop-abu-abu-58376?extParam=ivf%3Dfalse%26keyword%3Dmacbook%26search_id%3D202504250522126AD837EA52A731022ZIV%26src%3Dsearch
Kepala Charger iPhone Samsung iPad Macbook Laptop UGREEN Adaptor Charger Nexode Pro 30W 45W 65W 100W 160W Type C Fast Charging - 30W,Rp174.700,Rp250.000,30%,Stok: 480,Dikirim dari Kota Administrasi Jakarta Barat,https://www.tokopedia.com/ugreen-indonesia-by-unitag/kepala-charger-iphone-samsung-ipad-macbook-laptop-ugreen-adaptor-charger-nexode-pro-30w-45w-65w-100w-160w-type-c-fast-charging-1730284252695397822?extParam=ivf%3Dfalse%26keyword%3Dmacbook%26search_id%3D202504250522126AD837EA52A731022ZIV%26src%3Dsearch%26whid%3D11902790
Goojodoq Stand Laptop Lipat Bahan Aluminum Alloy Untuk Macbook Pro Black - Black,Rp45.000,Rp100.000,55%,Stok: 847,Dikirim dari Kota Administrasi Jakarta Utara,https://www.tokopedia.com/goojodoqshop/goojodoq-stand-laptop-lipat-bahan-aluminum-alloy-untuk-macbook-pro-black-1729428251860437015?extParam=ivf%3Dfalse%26keyword%3Dmacbook%26search_id%3D202504250522126AD837EA52A731022ZIV%26src%3Dsearch
"Tas Laptop Macbook Pro 14/16 2021 Spigen Rugged Armor Pro Sleeve Case - Black, 14""",Rp546.250,Rp825.000,34%,Stok: Sisa 5,Dikirim dari Kota Administrasi Jakarta Barat,https://www.tokopedia.com/spigen-official/tas-laptop-macbook-pro-14-16-2021-spigen-rugged-armor-pro-sleeve-case-14-black?extParam=ivf%3Dfalse%26keyword%3Dmacbook%26search_id%3D202504250522126AD837EA52A731022ZIV%26src%3Dsearch%26whid%3D96720
Hub Macbook Pro Air USB C Converter 7 in 1 Adapter HDMI 2018 - 2022,Rp199.000,Rp210.000,5%,Stok Total: 85,Dikirim dari Jakarta Pusat,https://www.tokopedia.com/juragan-mini-pc/hub-macbook-pro-air-usb-c-converter-7-in-1-adapter-hdmi-2018-2022?extParam=ivf%3Dfalse%26keyword%3Dmacbook%26search_id%3D202504250522126AD837EA52A731022ZIV%26src%3Dsearch
"MOVIO Laptop Sleeve Case - Tas Laptop Premium Anti Air / Cover Macbook - Abu-abu, 14 inch",Rp59.000,Rp89.000,34%,Stok: 101,Dikirim dari Kota Administrasi Jakarta Barat,https://www.tokopedia.com/movioofficialstore/movio-laptop-sleeve-case-tas-laptop-premium-anti-air-cover-macbook-abu-abu-14-inch?extParam=ivf%3Dfalse%26keyword%3Dmacbook%26search_id%3D202504250522126AD837EA52A731022ZIV%26src%3Dsearch
"Apple MacBook Air 13 M1 Chip 256GB SSD 8GB 13"" Mac - STANDAR, SPACE GREY",Rp10.199.000,Rp14.699.000,31%,Stok: 288,Dikirim dari Kota Administrasi Jakarta Barat,https://www.tokopedia.com/sinarmulia/apple-macbook-air-13-m1-chip-256gb-ssd-8gb-13-mac-standar-space-grey-bba89?extParam=ivf%3Dtrue%26keyword%3Dmacbook%26search_id%3D202504250522126AD837EA52A731022ZIV%26src%3Dsearch
"Softcase Laptop Macbook PREMIUM Sleeve 13""/ Sarung Laptop Macbook Kulit Premium/ Tas Pelindung Laptop Kulit Leather - Mint",Rp28.400,N/A,N/A,Stok: Sisa 4,Dikirim dari Jakarta Pusat,https://www.tokopedia.com/monkeesid/softcase-laptop-macbook-premium-sleeve-13-sarung-laptop-macbook-kulit-premium-tas-pelindung-laptop-kulit-leather-1730834290308973633?extParam=ivf%3Dfalse%26keyword%3Dmacbook%26search_id%3D202504250522126AD837EA52A731022ZIV%26src%3Dsearch
Adaptor Charger Macbook Pro 13 Inch A1278 A1344 MagSafe 1 60W 16.5V 3.6A L-Tip 2008 2009 2010 2011 2012 Small BOX,Rp150.000,N/A,N/A,Stok Total: 973,Dikirim dari Jakarta Pusat,https://www.tokopedia.com/vinamonz/adaptor-charger-macbook-pro-13-inch-a1278-a1344-magsafe-1-60w-16-5v-3-6a-l-tip-2008-2009-2010-2011-2012-small-box?extParam=ivf%3Dfalse%26keyword%3Dmacbook%26search_id%3D202504250522126AD837EA52A731022ZIV%26src%3Dsearch
Apple USB C 35W Dual Port Adapter Charger iphone macbook air ipad pro - Cable only 2M,Rp215.000,N/A,N/A,Stok: 57,Dikirim dari Jakarta Pusat,https://www.tokopedia.com/originalprojkt/apple-usb-c-35w-dual-port-adapter-charger-iphone-macbook-air-ipad-pro-cable-only-2m-b4ddd?extParam=ivf%3Dfalse%26keyword%3Dmacbook%26search_id%3D202504250522126AD837EA52A731022ZIV%26src%3Dsearch
"Mark Ryden MR67 Sarung briefcase Sleeve Laptop Macbook 13.3 16 inch - BLACK, 13.3 Inch",Rp150.000,N/A,N/A,Stok: 70,Dikirim dari Kab. Tangerang,https://www.tokopedia.com/elitegen/mark-ryden-mr67-sarung-briefcase-sleeve-laptop-macbook-13-3-16-inch-1729674300874132113?extParam=ivf%3Dfalse%26keyword%3Dmacbook%26search_id%3D202504250522126AD837EA52A731022ZIV%26src%3Dsearch
KABEL CHARGER USB TYPE C APPLE ORIGINAL 2M MAGSAFE 29W 61W 87W MACBOOK,Rp70.000,N/A,N/A,Stok Total: 521,Dikirim dari Jakarta Utara,https://www.tokopedia.com/lokuistor/kabel-charger-usb-type-c-apple-original-2m-magsafe-29w-61w-87w-macbook?extParam=ivf%3Dfalse%26keyword%3Dmacbook%26search_id%3D202504250522126AD837EA52A731022ZIV%26src%3Dsearch
Macbook Keyboard Cover Protector Pelindung Antidust Waterproof Air Pro - b,Rp39.000,N/A,N/A,Stok: 20,Dikirim dari Jakarta Timur,https://www.tokopedia.com/ishophereid/macbook-keyboard-cover-protector-pelindung-antidust-waterproof-air-pro-b?extParam=ivf%3Dfalse%26keyword%3Dmacbook%26search_id%3D202504250522126AD837EA52A731022ZIV%26src%3Dsearch
Kabel Charger Macbook Magsafe USB tipe C 2M original 29W 61W 87W,Rp110.000,N/A,N/A,Stok Total: Sisa 6,Dikirim dari Jakarta Selatan,https://www.tokopedia.com/nasyacomputer88/kabel-charger-macbook-magsafe-usb-tipe-c-2m-original-29w-61w-87w?extParam=ivf%3Dfalse%26keyword%3Dmacbook%26search_id%3D202504250522126AD837EA52A731022ZIV%26src%3Dsearch
"MACBOOK AIR 13 INCH 2017 CI5 1.8GHZ RAM 8GB SSD VARIASI - 256GB, GRADE C",Rp3.050.000,N/A,N/A,Stok: Sisa 4,Dikirim dari Jakarta Pusat,https://www.tokopedia.com/rajaapple/macbook-air-13-inch-2017-ci5-1-8ghz-ram-8gb-ssd-variasi-256gb-grade-c-a3a87?extParam=ivf%3Dfalse%26keyword%3Dmacbook%26search_id%3D202504250522126AD837EA52A731022ZIV%26src%3Dsearch
Converter NYK Lightning to Lightning + Port Hdmi Support Apple Iphone Macbook Ipad iMac,Rp89.000,Rp150.000,41%,Stok Total: 88,Dikirim dari Kota Administrasi Jakarta Pusat,https://www.tokopedia.com/nykcomputerofficial/converter-nyk-lightning-to-lightning-port-hdmi-support-apple-iphone-macbook-ipad-imac-1730787379591087126?extParam=ivf%3Dfalse%26keyword%3Dmacbook%26search_id%3D202504250522126AD837EA52A731022ZIV%26src%3Dsearch
Apple Macbook Air M2 Chip 2022 8GB/256GB IBOX / INTER - GREY - M1-8/256GB-SG,Rp10.149.000,N/A,N/A,Stok: 274,Dikirim dari Kota Surabaya,https://www.tokopedia.com/tokobaru-s/apple-macbook-air-m2-chip-2022-8gb-256gb-ibox-inter-grey-1731077637481596851?extParam=ivf%3Dfalse%26keyword%3Dmacbook%26search_id%3D202504250522126AD837EA52A731022ZIV%26src%3Dsearch
"Colokan mata dua magsafe macbook, ipad, Ac Plug 100% original - Mata 3",Rp50.000,N/A,N/A,Stok: 60,Dikirim dari Jakarta Selatan,https://www.tokopedia.com/detarh-shop/colokan-mata-dua-magsafe-macbook-ipad-ac-plug-100-original-mata-3-3e3c6?extParam=ivf%3Dfalse%26keyword%3Dmacbook%26search_id%3D202504250522126AD837EA52A731022ZIV%26src%3Dsearch
"Apple MacBook Air 2020 M1 Chip 13 inch 512GB Touch ID Grey Silver Gold - iBox 256GB, Space Grey",Rp10.149.000,Rp12.299.000,17%,Stok: 268,Dikirim dari Kota Administrasi Jakarta Pusat,https://www.tokopedia.com/studioponsel/apple-macbook-air-2020-m1-chip-13-inch-512gb-touch-id-grey-silver-gold-ibox-256gb-space-grey-fa5cf?extParam=ivf%3Dtrue%26keyword%3Dmacbook%26search_id%3D202504250522126AD837EA52A731022ZIV%26src%3Dsearch
N/A,Rp155.500,Rp163.900,5%,Stok: 174,Dikirim dari Kota Administrasi Jakarta Barat,https://www.tokopedia.com/ugreen-indonesia-by-unitag/ugreen-kabel-data-fast-charging-for-iphone-16-15-14-13-12-11-pro-max-plus-samsung-ipad-macbook-laptop-charger-lightning-mfi-usb-a-type-c-micro-cable-handphone-1730328863988680126?extParam=ivf%3Dfalse%26keyword%3Dmacbook%26search_id%3D202504250522126AD837EA52A731022ZIV%26src%3Dsearch
"NEW Apple Macbook Air 2022 M2 Chip 13"" 8GB 256GB SSD MLXW3 MLXY3 MLY13 - MIDNIGHT, 256GB APPLE",Rp14.099.998,Rp18.299.000,23%,Stok: 17,Dikirim dari Jakarta Pusat,https://www.tokopedia.com/onestopgaming/new-apple-macbook-air-2022-m2-chip-13-8gb-256gb-ssd-mlxw3-mlxy3-mly13-midnight-256gb-apple-d2745?extParam=ivf%3Dtrue%26keyword%3Dmacbook%26search_id%3D202504250522126AD837EA52A731022ZIV%26src%3Dsearch
APPLE KABEL DATA USB TYPE C TO C CABLE KE C CHARGER MACBOOK IPAD CABLE - 2 Meter,Rp149.000,N/A,N/A,Stok: 510,Dikirim dari Jakarta Pusat,https://www.tokopedia.com/originalprojkt/apple-kabel-data-usb-type-c-to-c-cable-ke-c-charger-macbook-ipad-cable-2-meter-4577f?extParam=ivf%3Dfalse%26keyword%3Dmacbook%26search_id%3D202504250522126AD837EA52A731022ZIV%26src%3Dsearch
"Apple MacBook Air 2024 M3 Chip 15 13 Inch 512GB 256GB RAM 8GB 16GB - 13""8 8/256 CPO , Silver",Rp15.649.000,N/A,N/A,Stok: 999,Dikirim dari Kota Administrasi Jakarta Utara,https://www.tokopedia.com/bigberry888/apple-macbook-air-2024-m3-chip-15-13-inch-512gb-256gb-ram-8gb-16gb-13-8-8-256-cpo-silver-359df?extParam=ivf%3Dtrue%26keyword%3Dmacbook&src=topads
"iBox Apple MacBook Pro M2 Chip 2022 13 Inch 256GB / 512GB Gray Silver - 256GB INTER, SILVER",Rp19.849.000,N/A,N/A,Stok: Sisa 5,Dikirim dari Kota Administrasi Jakarta Utara,https://www.tokopedia.com/armyapple/ibox-apple-macbook-pro-m2-chip-2022-13-inch-256gb-512gb-gray-silver-256gb-inter-silver?extParam=ivf%3Dfalse%26keyword%3Dmacbook&src=topads
"Laptop Touchscreen 2 in 1 Yoga 11e Intel Core i5 RAM 8GB | MINUS KARET GOMPAL - YG11e i5-8 8GB, 8GB SSD 128GB",Rp2.000.000,N/A,N/A,Stok: Sisa 9,Dikirim dari Jakarta Barat,https://www.tokopedia.com/pacificcomp/laptop-touchscreen-2-in-1-yoga-11e-intel-core-i5-ram-8gb-minus-karet-gompal-1730825151772918888?extParam=ivf%3Dfalse%26keyword%3Dmacbook&src=topads
Macbook Air Retina 2018 13” i5 Bisa instant kurir - 2017 8/128GB,Rp3.880.000,N/A,N/A,Stok: 15,Dikirim dari Jakarta Selatan,https://www.tokopedia.com/soyustore/macbook-air-retina-2018-13-i5-bisa-instant-kurir-2017-8-128gb-3e0e9?extParam=ivf%3Dfalse%26keyword%3Dmacbook&src=topads
"Apple Macbook Air M2 Chip 13"" 8GB 256GB 512GB SSD - Midnight, 256GB APPLE",Rp14.100.000,Rp30.999.000,55%,Stok: 17,Dikirim dari Jakarta Pusat,https://www.tokopedia.com/teknotrend/apple-macbook-air-m2-chip-13-8gb-256gb-512gb-ssd-midnight-256gb-apple-3eab2?extParam=ivf%3Dtrue%26keyword%3Dmacbook&src=topads
