Title;Price;Original Price;Discount;Stock;Delivery;Subcategory
Suka Elektronik Alat Pembuka Drat Pipa Kran Patah / Pipa Extractor Alat Cabut Kran Patah;Rp26.300;N/A;N/A;Stok Total: 259;Dikirim dari Kota Surakarta;Kunci Inggris
BATERAI ELEKTRONIK 103450 34MM X 50MM 2500MAH BATTERY UNIVERSAL MANTUL - KABEL 2;Rp49.000;N/A;N/A;Stok: 9.998;Dikirim dari Kota Administrasi Jakarta Barat;Part RC
KATROL LISTRIK MINI ELEKTRONIK WIRE ROPE HOIST 600 kg WEKA;Rp2.500.000;N/A;N/A;Stok Total: Sisa 10;Dikirim dari Jakarta Barat;Katrol
Forward FW-HA02 Hot Air Station - Alat Solder & Desolder Profesional - Alat Reparasi Elektronik Profesional Dengan LCD Display;Rp1.400.820;N/A;N/A;Stok Total: Sisa 7;Dikirim dari Kota Tangerang;Hot Gun
Elektronik Kenmaster Kabel Roll 6 Meter - Rol 4 Lubang 6M Stop Kontak;Rp96.999;N/A;N/A;Stok Total: 127;Dikirim dari Kota Depok;Kabel Roll
"Obeng Setting Karburator / Obeng Mekanik / obeng Elektronik / Obeng Kecil Kurus Panjang Min Plus 3"" 5"" 8"" Set 6 Pcs";Rp32.600;Rp40.749;20%;Stok Total: 476;Dikirim dari Kota Depok;Obeng
Krisbow Set 18 Pcs Baterai Alkaline Aa Battery Elektronik Bateray;Rp97.500;N/A;N/A;Stok Total: 55;Dikirim dari Kota Bekasi;Scope, Spring & Magazine Airsoft
Krisbow Set 4 Pcs Baterai Rechargeable Type C Batre Isi Ulang Peralatan Elektronik Battery Rechargeable;Rp169.000;N/A;N/A;Stok Total: 13;Dikirim dari Kota Bekasi;Baterai
Baterai Speaker Dan Elektronik Lainnya 1X 18650 6800mAh 3,7V SOKET JST PH 2.0 2 PIN;Rp25.500;Rp34.500;26%;Stok Total: 2900;Dikirim dari Kota Administrasi Jakarta Pusat;Part RC
Cooling Set Kit Peltier TEC1 Pendingin Heatsink Fan Thermoelectric Kipas Elemen Panas Dingin Elektronik Laptop - Tanpa Peltier;Rp70.700;N/A;N/A;Stok: 68;Dikirim dari Kota Malang;Internal Fan & Cooler
Mainan Pop It Elektronik Push Bubble Fidget Toys// POP IT GAME - Bebek;Rp38.000;N/A;N/A;Stok: 17;Dikirim dari Kota Medan;Fidget Spinner
Kadonio Digital Handle Kunci Pintu Rumah Elektronik Fingerprint;Rp429.300;N/A;N/A;Stok Total: 155;Dikirim dari Kota Tangerang Selatan;Gembok
AQUA Elektronik TV 43 Inch Miracast TV Full HD LE43AQT8500MF;Rp4.199.000;N/A;N/A;Stok Total: Sisa 2;Dikirim dari Kota Administrasi Jakarta Utara;Televisi
Kabel Power Listik NYK 1.5 meter PC TV dan elektronik Kualitas Mantap;Rp17.900;N/A;N/A;Stok Total: 64;Dikirim dari Jakarta Selatan;Kabel Power CPU
Tabung Vakum Elektronik JJ Electronics Tesla ECC83-S/12AX7 Quad 4 bh;Rp3.788.000;N/A;N/A;Stok Total: Sisa 1;Dikirim dari Kota Bandung;Kabel & Konektor Audio
Tang Potong Elektronik 12,5 cm Iris Electronic Cutting Pliers TEKIRO;Rp53.200;N/A;N/A;Stok Total: 67;Dikirim dari Kota Tangerang;Tang Potong
Silica Gel/Pengawet Makanan/Tekstil/Obat/Elektronik (1 KG) - 5 gr;Rp45.800;N/A;N/A;Stok: 18;Dikirim dari Jakarta Timur;Silica Gel Kamera
Custom E-Card uang elektronik - print UV Seri JUJUTSU KAISEN Kartu Putih - E-money, 1 SISI;Rp65.000;Rp100.000;35%;Stok: 500;Dikirim dari Kota Administrasi Jakarta Selatan;Kartu Ucapan
Mini Solar Panel Solar Cell 5v 70ma for Diy elektronik;Rp7.000;N/A;N/A;Stok Total: 16;Dikirim dari Kota Medan;Solar Panel
Box X3 - Box Plastik Elektronik X 3;Rp7.000;N/A;N/A;Stok Total: 99940;Dikirim dari Kota Tangerang;Lainnya
Tang Potong Plato 170 – Alat Serbaguna untuk Kawat, Kabel, dan Elektronik nipper;Rp9.594;Rp11.993;20%;Stok Total: Sisa 5;Dikirim dari Kota Bandung;Tang Potong
IDEALIFE - Kompor Listrik Elektronik Kompor Listrik 2 Tungku IL-402;Rp460.000;N/A;N/A;Stok Total: 76;Dikirim dari Kota Administrasi Jakarta Utara;Kompor Listrik
LG Mesin Cuci 2 Tabung 18KG P1800RTM Agung Elektronik;Rp4.050.000;N/A;N/A;Stok Total: Sisa 9;Dikirim dari Kota Pekanbaru;Mesin Cuci
Rexco 18 Specialist Contact Cleaner Pembersih Elektronik 500ml;Rp81.400;N/A;N/A;Stok Total: 99997;Dikirim dari Kota Administrasi Jakarta Selatan;Pelumas Kendaraan
Jam Alarm Layar LED Besar Digital Jam Alarm Elektronik Jam Meja Jam Timer Hitung Mundur JD-6639 - Hitam Led Hijau;Rp82.500;N/A;N/A;Stok: 50;Dikirim dari Kota Administrasi Jakarta Utara;Jam Meja
BATERAI UNIVERSAL ELEKTRONIK 401015 UKURAN 10mm x 15mm 170mah KABEL 2 MANTUL;Rp18.000;N/A;N/A;Stok Total: 99989;Dikirim dari Kota Administrasi Jakarta Barat;Baterai Handphone
Casing remote honda freed komplit tombol dll tanpa elektronik nya;Rp65.000;N/A;N/A;Stok Total: 14;Dikirim dari Kota Bandung;Kunci Pengaman Mobil
Ms Tasbih Digital Rosario Elektronik Baru Dengan Digital Lcd;Rp193.700;N/A;N/A;Stok Total: 98;Dikirim dari Jakarta Barat;Tasbih
Obeng jam hp elektronik kacamata precision screwdriver set Blackfoot;Rp40.000;N/A;N/A;Stok Total: Sisa 5;Dikirim dari Kota Medan;Obeng
FUJITSU FSR-C Accurate Elektronik Balance Timbangan Lab cap 10kg/0,1gr;Rp2.000.000;N/A;N/A;Stok Total: 87;Dikirim dari Kota Bandung;Pengukur Berat
Rexco 18 Pembersih Elektrik & Elektronik (Contact Cleaner) 500 Ml;Rp49.980;N/A;N/A;Stok Total: 122;Dikirim dari Kota Makassar;Contact Cleaner
Box Plastik Hitam Rem X3 X 3 kecil elektronik mini kuping 6x2,5x4cm cm;Rp2.850;N/A;N/A;Stok Total: 95407;Dikirim dari Kota Depok;Lainnya
Locker Lock RFID Card Electronic - Kunci Loker Elektronik Digital AC 10-07;Rp264.000;N/A;N/A;Stok Total: Sisa 5;Dikirim dari Jakarta Utara;Kartu RFID
GIENKA.ID GI4.4 Jam Tangan Anak Elektronik LED Digital Display Motif Karakter Kartun Jam Tangan Anak Laki-Laki LED Superhero Fashion - glumy abu2;Rp10.000;N/A;N/A;Stok: 940;Dikirim dari Kab. Sidoarjo;Kalung Anak
OBENG HP 24 in 1  EKONOMIS OBENG HAPE 24 PCS OBENG JAM ARLOJI SET OBENG ELEKTRONIK MURAH;Rp10.950;N/A;N/A;Stok Total: 99991;Dikirim dari Kota Surabaya;Obeng
Wilenca Speaker Pengusir Tikus Ultrasonic /Rumah Elektronik Anti Nyamuk/ Kelelawar /Lalat Pest Repeller - Black;Rp115.000;N/A;N/A;Stok: 43;Dikirim dari Kota Depok;Pest Control
PODUK TERLARIS AQUA ELEKTRONIK AQT32K70M DIGITAL TV 32 INCH HD SMART TV DENGAN MIRACAST - Bracket TV;Rp769.000;N/A;N/A;Stok: 31;Dikirim dari Kota Administrasi Jakarta Pusat;Televisi
slica gel biru kotak elektronik sepatu kamera;Rp5.000;N/A;N/A;Stok Total: 466;Dikirim dari Kota Banjarmasin;Tool & Kit Mecha Model (Gunpla)
Aspek Hukum Transaksi Elektronik - Resa Raditio;Rp69.800;N/A;N/A;Stok Total: Sisa 7;Dikirim dari Kab. Sleman;Buku Politik & Hukum
Obeng Multi Bolak Balik 12in1 12 Mata Screwdriver Reparasi Elektronik;Rp12.500;N/A;N/A;Stok Total: 79;Dikirim dari Kota Bekasi;Obeng
ugreen screwdriver obeng set 38in1 repair tool hp laptop elektronik;Rp162.000;N/A;N/A;Stok Total: Sisa 3;Dikirim dari Kota Administrasi Jakarta Pusat;Obeng
Switch saklar Parkir EPB Elektronik Brake hold Honda CRV original;Rp777.250;N/A;N/A;Stok Total: Sisa 5;Dikirim dari Jakarta Barat;Sensor & Kamera Mobil
Sikat Gigi Elektronik (BELI 1 GRATIS 2 KEPALA SIKAT) ToothBrush Otomatis Baterai Elektrik - Elektrik Putih;Rp18.500;Rp50.000;63%;Stok: 4.559;Dikirim dari Kota Administrasi Jakarta Selatan;Sikat Gigi
Timbangan Badan Elektronik Health Scale 180KG Rechargeable;Rp62.817;N/A;N/A;Stok Total: Sisa 6;Dikirim dari Kab. Sleman;Timbangan Badan
MOLLAR Mesin Bor Duduk 6 mm Bench Drill Bor Mini PCB Elektronik Servis;Rp798.500;N/A;N/A;Stok Total: 12;Dikirim dari Kota Bandung;Mesin Bor
Baby Alienz Kawat Elektronik Ni.80 USA Super Berisik Include kotak;Rp13.000;N/A;N/A;Stok Total: 636;Dikirim dari Kota Bandar Lampung;Kawat
Ebook Edukasi Anak Mainan Buku Belajar Hewan Sahabatku Elektronik 8 Tombol Suara dan 50 Hewan;Rp200.000;N/A;N/A;Stok Total: 49999;Dikirim dari Jakarta Barat;Mainan Edukasi & Musikal Bayi
Karet Untuk Lubang Kabel Pada Box Elektronik;Rp800;N/A;N/A;Stok Total: 756;Dikirim dari Kota Medan;Kabel & Konektor Telepon
Krisbow Stop Kontak 6 Socket Dengan Port Usb & Type C - Hitam Electric Socket Terminal Colokan Listrik Kotak Kontak Peralatan Elektronik;Rp195.000;N/A;N/A;Stok Total: 522;Dikirim dari Kota Bekasi;Stop Kontak
adaptor cctv/elektronik 12v 5 ampere;Rp60.000;N/A;N/A;Stok Total: Sisa 5;Dikirim dari Kota Palembang;Spare Part
Karet Kaki Box Kotak Elektronik Amplifier Diameter 18mm Tinggi 7mm;Rp2.500;N/A;N/A;Stok Total: 58;Dikirim dari Kota Administrasi Jakarta Utara;Amplifier
Wiring Elektronik - Wiring Set Gitar PRS - Ibanez. Barang Kondisi baru;Rp120.000;N/A;N/A;Stok Total: Sisa 1;Dikirim dari Kota Surabaya;Gitar Elektrik
Digital Voltmeter Mini 4-30V 3 kabel LED Merah Tester Elektronik;Rp13.000;N/A;N/A;Stok Total: 93;Dikirim dari Kota Administrasi Jakarta Barat;Lainnya
Obeng Set 31in1 / 31 ini 1 Screwdriver Handphone Elektronik HP;Rp34.900;N/A;N/A;Stok Total: Sisa 9;Dikirim dari Jakarta Selatan;Obeng
Peluit Elektronik Peluit Elektrik Genggam Dengan Lanyard SOS Light - Biru Biru, dtunjukan;Rp212.142;N/A;N/A;Stok: Sisa 5;Dikirim dari Jakarta Barat;Peluit
Tekiro HK-EL1199 Kunci L Set Elektronik 7 Pcs;Rp24.000;N/A;N/A;Stok Total: 99995;Dikirim dari Kota Administrasi Jakarta Barat;Kunci L
YASNA WIJAYA PLASTIK sampul sertipikat elektronik hard cover model amplop - Hitam;Rp11.000;N/A;N/A;Stok: 1.000;Dikirim dari Kota Bandung;Binder
A.S Kompor Induksi Alat Masak Elektronik Kompor Masak Modern Kompor Induksi desain Minimalis;Rp8.730.000;N/A;N/A;Stok Total: Sisa 6;Dikirim dari Jakarta Barat;Kompor Listrik
Samsung RT19M300 Lemari es Kulkas 2 Pintu Central Panam Elektronik;Rp4.049.000;N/A;N/A;Stok Total: Sisa 1;Dikirim dari Kota Pekanbaru;Kulkas
Arieff Elektronik - Hard Case Untuk Shokz Openrun Openmove Aftershokz Open Run Open Move;Rp209.000;N/A;N/A;Stok Total: 65;Dikirim dari Jakarta Utara;Earphone
Alat Pengasah Pisau Gunting Otomatis Elektronik Multifungsi - Ashn Swiftsharp;Rp45.000;N/A;N/A;Stok: 994;Dikirim dari Kota Bandung;Pengasah Pisau
box putih 70x45x18mm kotak plastik plc elektronik enclosure universal - A.70x45x18;Rp7.500;N/A;N/A;Stok: 995;Dikirim dari Kab. Sleman;PLC
Waterproof Elektrik Korek + Senter Emergency Lampu Korek Elektrik Gantungan Kunci Korek Elektronik COB ACC - Bekas;Rp15.000;N/A;N/A;Stok: 66,7 rb;Dikirim dari Kota Administrasi Jakarta Utara;Korek Api
Peltier Alat Pendingin Pengontrol Suhu Aquarium Aquascape Mesin Elektronik Minuman Portable Cooler DC 9-15V - Putih;Rp36.300;N/A;N/A;Stok: 50;Dikirim dari Kota Surabaya;Termometer Akuarium
Megacool Megacools Contact Cleaner Pembersih Elektrik Elektronik 06257;Rp35.750;N/A;N/A;Stok Total: 1241;Dikirim dari Kab. Bekasi;Engine Conditioner
Karet Anti Slip Premium Meja Kursi Perabotan Elektronik Serbaguna - 15cmx10cm, 1 Lembar;Rp10.000;N/A;N/A;Stok: 1.489;Dikirim dari Kota Surabaya;Pengaman Furniture
Balast Elektronik ET 10 Philips;Rp45.000;N/A;N/A;Stok Total: Sisa 1;Dikirim dari Jakarta Selatan;Bohlam
kamus elektronik Alfalink EL-312 (2buah);Rp50.000;N/A;N/A;Stok Total: Sisa 1;Dikirim dari Kota Semarang;Kamus Elektronik
box encloseure alumunium 110x76x46mm kotak aluminium DIY elektronik;Rp88.000;N/A;N/A;Stok Total: 92;Dikirim dari Kab. Sleman;Storage Box Multifungsi
P785 - TLP785 DIP4 - Komponen elektronik;Rp16.000;N/A;N/A;Stok Total: 100000;Dikirim dari Kota Tangerang Selatan;Lainnya
Obeng Set Mini 16in1 - Obeng Set HP Elektronik Laptop Multifungsi;Rp9.500;N/A;N/A;Stok Total: 500;Dikirim dari Jakarta Pusat;Obeng
PORTOTI PR-25MB Perangkap Nyamuk Elektronik Papan Sirkuit Sparepart;Rp120.000;N/A;N/A;Stok Total: 100;Dikirim dari Kota Administrasi Jakarta Barat;Pest Control
Kulkas Sharp 2 Pintu SJ195 MNHS SJ 195 Tanpa Bunga Es Sinar Sakti Elektronik Dinoyo Malang;Rp2.800.000;N/A;N/A;Stok Total: Sisa 5;Dikirim dari Kota Malang;Kulkas
Packing Bubble Wrap Tambahan untuk elektronik size kecil-sedang;Rp5.150;N/A;N/A;Stok Total: 9720;Dikirim dari Kota Administrasi Jakarta Utara;Microwave
KABEL POWER PS3 FAT / XBOX 360 / PC Untuk semua elektronik soket sama;Rp25.000;N/A;N/A;Stok Total: 101;Dikirim dari Kota Tangerang Selatan;Adapter Game Console
NVMEE CANCER Hair Styler Catokan Instant Wave Mermaid NUANSA ELEKTRONIK SURABAYA;Rp277.000;N/A;N/A;Stok Total: Sisa 5;Dikirim dari Kota Surabaya;Catokan Rambut
Satu Set Obeng Reparasi 45 in 1 Obeng Perbaikan Alat Elektronik;Rp65.000;N/A;N/A;Stok Total: 123;Dikirim dari Kota Administrasi Jakarta Pusat;Obeng
KOMPONEN ELEKTRONIK TV LED PANASONIC TH-55F306G - MB TV TH-55F306G;Rp750.000;N/A;N/A;Stok Total: Sisa 7;Dikirim dari Jakarta Utara;Televisi
Pasta Lem untuk menempelkan komponen listrik dan metal biasa digunakan untuk alat elektronik Mencegah Oksidasi 30 gr;Rp9.900;N/A;N/A;Stok Total: 485;Dikirim dari Kota Tangerang Selatan;Pasta Solder
BOX X 7 BOK X7 JUMBO HITAM UNIVERSAL + SEKRUP ELEKTRONIK AUDIO;Rp24.000;N/A;N/A;Stok Total: 4995;Dikirim dari Kab. Magetan;Lainnya
"TEKIRO ELECTRONIC DIAGONAL CUTTING PLIERS 5"" TANG POTONG ELEKTRONIK 5""";Rp54.600;N/A;N/A;Stok Total: Sisa 9;Dikirim dari Kota Semarang;Tang Potong
LG 98 INCH QNED AI 4K UHD SMART DIGITAL TV 98QNED89TSA | ISTANA ELEKTRONIK;Rp52.198.000;N/A;N/A;Stok Total: Sisa 10;Dikirim dari Kota Palembang;Televisi
Adaptor Power Charger Elektronik CCTV Router Hardisk 12V Universal - 12V - 2A;Rp22.900;N/A;N/A;Stok: 60;Dikirim dari Kota Administrasi Jakarta Barat;Spare Part
Jam Tangan Anak Karakter Led Bahan Silikon Untuk Tahan Air Elektronik - Kuning;Rp6.080;N/A;N/A;Stok: Habis;Dikirim dari Kab. Tangerang;Smart Watch Anak
Ongkir Atlanta Elektronik Semarang;Rp50.000;N/A;N/A;Stok Total: 74;Dikirim dari Kota Semarang;AC Portable
Baterai Speaker /Baterai Alat Elektronik Lainnya 4X 18650 4000mAh 7,4V BMS 3S 10A SOKET XH;Rp118.725;Rp135.500;12%;Stok Total: 1998;Dikirim dari Kota Administrasi Jakarta Pusat;Baterai
Kabel power komputer atau Elektronik/ Rice cooker/ Teko;Rp12.000;N/A;N/A;Stok Total: 100000;Dikirim dari Jakarta Barat;Kabel Power CPU
Kartu pokemon TCG 2 Emoney etoll - Uang elektronik - Custom Emoney - Doff 1sisi, Brizzi BRI;Rp63.500;N/A;N/A;Stok: 20;Dikirim dari Kota Tangerang;Hadiah Custom
TRANSISTOR  A1048 Elektronik;Rp2.250;N/A;N/A;Stok Total: Sisa 2;Dikirim dari Kota Tangerang;Komponen Listrik
Obeng Set 16In1 Handphone, Laptop, Komputer, Tools Elektronik;Rp17.000;N/A;N/A;Stok Total: Sisa 3;Dikirim dari Kab. Bandung;Obeng
Obeng Set 32 In 1 Handphone, Laptop, Komputer, Tools Elektronik;Rp25.000;N/A;N/A;Stok Total: 99999;Dikirim dari Kab. Bandung;Obeng
Tas ransel layar LED, display layar elektronik;Rp3.000.000;N/A;N/A;Stok Total: 12;Dikirim dari Kota Administrasi Jakarta Barat;Tas Ransel Pria
Alat Pembuka Sekrup Baut Rusak Skrup Dol Screw Extractor Mata Obeng Baud Dol Slek Hp Laptop Peralatan Elektronik;Rp129.000;N/A;N/A;Stok Total: 45;Dikirim dari Kota Bandung;Skrup
barang cengbeng set barang elektronik kertas sembahyang leluhur;Rp54.000;N/A;N/A;Stok Total: 38;Dikirim dari Kota Administrasi Jakarta Barat;Lilin
Kamus Elektronik Besta CD-869 electronic dictionary second;Rp800.000;N/A;N/A;Stok Total: Sisa 1;Dikirim dari Jakarta Utara;Kamus Elektronik
Modul Detektor Metal Elektronik DC 3V-5V 60mm Non-Contact DIY;Rp53.470;N/A;N/A;Stok Total: 997;Dikirim dari Jakarta Utara;Adapter
A294-2 pcs Tongkat E Toll Tongkat Parkir Digital Parkir Elektronik - As picture show;Rp3.555;Rp10.000;64%;Stok: 13,2 rb;Dikirim dari Kota Depok;Tongkat E-Toll
Solder Elektronik Multifungsi 40W;Rp12.000;N/A;N/A;Stok Total: 1108;Dikirim dari Kab. Bantul;Solder
Obeng Set Multi 31 in 1 MINI Lengkap Serbaguna Handphone Elektronik HP;Rp15.000;N/A;N/A;Stok Total: 919;Dikirim dari Kab. Tangerang;Obeng
Yu228 1 Set Reel Pancing Elektronik 8 1 Kecepatan Rasio Otomatis Denga;Rp3.127.000;N/A;N/A;Stok Total: 5000;Dikirim dari Kota Bekasi;Set Alat Pancing
balas/ballast/trafo elektronik;Rp15.965;N/A;N/A;Stok Total: 181;Dikirim dari Kab. Bogor;Bohlam
Kaca Pembesar Service Elektronik Observasi Penelitian Handheld with 12 LED 16X Magnifier;Rp99.999;N/A;N/A;Stok Total: 530;Dikirim dari Kota Administrasi Jakarta Barat;Kaca Pembesar
"Tang Lancip 5"" inch Elektronik - Electronic Long Nose Pliers TEKIRO";Rp53.200;N/A;N/A;Stok Total: 11;Dikirim dari Kota Tangerang;Tang
Contact Cleaner Pembersih Komponen Elektronik Pembersih Elektrik ZONE 400 ML;Rp24.500;N/A;N/A;Stok Total: 347;Dikirim dari Jakarta Timur;Contact Cleaner
Alkitab Elektronik 2.0.0 LAI;Rp30.000;N/A;N/A;Stok Total: Sisa 5;Dikirim dari Jakarta Timur;Alkitab
Marumura Smart Digital Body Scale for Body Fat LED | Timbangan Badan Kaca Digital Elektronik - Hitam;Rp70.000;Rp125.000;44%;Stok: 81;Dikirim dari Kota Surabaya;Timbangan Badan
"Tekiro tang elektronik 5"" inch / electronik long nose pliers 5"" inch";Rp52.000;N/A;N/A;Stok Total: 46;Dikirim dari Kota Administrasi Jakarta Barat;Tang
Jam Tangan Digital Elektronik Tahan Air Led Rubber IPX4 - JA006 - BLACK MICKEY;Rp4.650;N/A;N/A;Stok: 10 rb;Dikirim dari Jakarta Selatan;Jam Tangan Digital Wanita
Obeng Set Screwdriver Magnetic Premium Torx Servis Laptop Elektronik;Rp200.000;N/A;N/A;Stok Total: 48;Dikirim dari Jakarta Barat;Obeng
BUKU AKSES BUKTI ELEKTRONIK LINTAS BATAS NEGARA ORIGINAL;Rp140.000;N/A;N/A;Stok Total: Sisa 7;Dikirim dari Jakarta Pusat;Buku Politik & Hukum
Baterai RC/ Mainan Anak Dan Alat Elektronik Lainnya 3X 18650 4800mAh 12V BMS 3S 10A SOKET JST LOSI;Rp82.500;Rp96.500;15%;Stok Total: 2967;Dikirim dari Kota Administrasi Jakarta Pusat;Part RC
Elektronik Rc Boat paket 1 set;Rp985.000;N/A;N/A;Stok Total: 92;Dikirim dari Kota Banjarmasin;Kapal RC
Rexco 18 Pembersih Elektrik & Elektronik (Contact Cleaner) 220 ml;Rp37.500;N/A;N/A;Stok Total: 643;Dikirim dari Jakarta Barat;Contact Cleaner
Set Pembersih Peralatan Elektronik Keyboard Headset LCD Layar Sikat Pen - Biru;Rp50.000;N/A;N/A;Stok: 13;Dikirim dari Kota Malang;Cleaning Tools Kamera
Gunting listrik multifungsi, gunting elektronik, gunting kabel timah, gunting lunas, gunting kawat, gunting langit-langit terintegrasi - 1pcs;Rp65.999;Rp99.999;34%;Stok: 657;Dikirim dari Kab. Tangerang;Gunting
MITO MAXI Standing Mixer MX700 Heavy Duty Stainless Bowl MX-700 MX 700 NUANSA ELEKTRONIK SURABAYA - Hitam, MIXER SAJA;Rp2.300.000;N/A;N/A;Stok: Sisa 7;Dikirim dari Kota Surabaya;Mixer
BARCODE SCANNER 1D - BLUETOOTH + WIRELESS [AUTOSCAN]ELEKTRONIK BARCODE;Rp397.500;N/A;N/A;Stok Total: 20;Dikirim dari Kota Bandung;Scanner
JOINUS Kalkulator Elektronik - JS-837-12;Rp26.700;N/A;N/A;Stok Total: 9984;Dikirim dari Jakarta Barat;Kalkulator
Coil Motorized / Elektronik Exp Valve Daikin AC Indoor VRV;Rp1.300.000;N/A;N/A;Stok Total: Sisa 1;Dikirim dari Jakarta Timur;Air Conditioner
Obeng Reparasi 25 in 1 Obeng HP Kacamata Laptop PC Elektronik;Rp25.000;N/A;N/A;Stok Total: 91;Dikirim dari Kota Tangerang;Obeng
MIRACLE WIPES TISU BASAH PEMBERSIH ELEKTRONIK 30PCS WIPES F/ELECTRONIC;Rp239.000;N/A;N/A;Stok Total: 96;Dikirim dari Kota Administrasi Jakarta Selatan;Kapas & Tissue Bayi
SF10A400HDS SF10A400HD SF10A400 TO-263 Komponen Elektronik;Rp13.000;N/A;N/A;Stok Total: 197;Dikirim dari Kota Depok;Lainnya
Btsg Eyecup Eyepiece Pengganti Untuk Viewfinder Kamera Elektronik;Rp300.000;N/A;N/A;Stok Total: 9999;Dikirim dari Kota Administrasi Jakarta Timur;Aksesoris Lensa
Kabel serabut AWG 22 Kabel wiring elektronik 22AWG PVC insulator - Putih;Rp2.000;N/A;N/A;Stok: 73;Dikirim dari Jakarta Timur;Kabel Roll
Adaptor 12V-2A / AC DC Adapter 12V 2A CCTV Speaker LED Elektronik dll;Rp34.000;N/A;N/A;Stok Total: 52;Dikirim dari Kota Bandung;Spare Part
heatsing pendingin elektronik cooling komponen;Rp40.000;N/A;N/A;Stok Total: Sisa 1;Dikirim dari Kota Surabaya;Cooling Fan Laptop
Kapasitor tabung kabel 12,5 MFD BULL untuk pompa air dan elektronik;Rp23.100;N/A;N/A;Stok Total: 99998;Dikirim dari Kota Magelang;Capacitor
SOCKET ROUND HOLE IC DIP 4PIN KONEKTOR ELEKTRONIK;Rp3.000;N/A;N/A;Stok Total: Sisa 1;Dikirim dari Kota Tangerang Selatan;Stop Kontak
Set Obeng Radio Elektronik 6 pcs Screwdriver Set Obeng Setting Plus Minus A118 - Obeng A118;Rp13.190;Rp16.000;18%;Stok: 964;Dikirim dari Kota Administrasi Jakarta Utara;Obeng
Mainan Elektronik Pesawat Rakitan Mesin Dinamo;Rp19.120;N/A;N/A;Stok Total: 97;Dikirim dari Kota Administrasi Jakarta Barat;Pesawat RC
LANGKA UNIK ANTIK 100 LEBIH KEYCARD KUNCI KARTU ELEKTRONIK HOTEL;Rp303.800;N/A;N/A;Stok Total: 200;Dikirim dari Jakarta Utara;Mesin Jilid
BOX X2 hitam Box Universal elektronik Kotak Hitam Bok kotak Item;Rp5.900;N/A;N/A;Stok Total: 180;Dikirim dari Kota Surabaya;Box Motor
SAMSUNG A51/M40S CASE FUZE ELEKTRONIK;Rp10.000;N/A;N/A;Stok Total: Sisa 10;Dikirim dari Kota Surabaya;Soft Case Handphone
Adaptor Daya Switching DVE Asli 12V 3A untuk CCTV, DVR, Modem, Router, Converter, dan Alat Elektronik - Komputer - Laptop;Rp65.000;N/A;N/A;Stok Total: 87663;Dikirim dari Kota Administrasi Jakarta Barat;Spare Part
INTEGRATED CIRCUIT PWM815YBN DIP8 SIRKUIT ELEKTRONIK TERPADU;Rp20.500;N/A;N/A;Stok Total: 14;Dikirim dari Kota Tangerang Selatan;Relay
Adaptor Trafo Philips Xitanium 150W 0.7A 230V Yballas / Trafo LED Elektronik Driver;Rp620.000;N/A;N/A;Stok Total: Sisa 9;Dikirim dari Kota Surabaya;Adaptor
Klakson TELOLET BASURI 8 TOMBOL DOBEL TOA VIRAL elektronik 24V;Rp1.025.000;N/A;N/A;Stok Total: 64;Dikirim dari Kab. Bekasi;Klakson Mobil
TEKIRO HK-EL1198 kunci L set untuk elektronik 7 pcs ukuran 0.71 mm - 3 mm / kunci L kecil;Rp21.900;N/A;N/A;Stok Total: 197;Dikirim dari Kota Bandung;Kunci Inggris
Catur Elektronik Cerdas Layar LCD Pemula Belajar AI Melawan Permainan Catur Pemain Tunggal;Rp4.999.000;N/A;N/A;Stok Total: Sisa 10;Dikirim dari Kota Administrasi Jakarta Barat;Strategy Games
Cooling Fan Pad Pendingin Tablet Alat Elektronik Laptop Notebook Gaming Premium FanFan P19222 Multifungsi - Non Adaptor;Rp129.800;N/A;N/A;Stok: Sisa 8;Dikirim dari Kota Bekasi;Cooling Pad
Transistor PCB Dinamo Servo Yuasa / Komponen Elektronik PCB;Rp62.500;N/A;N/A;Stok Total: 15;Dikirim dari Jakarta Barat;Spare Part Mesin Jahit
Obeng Set Reparasi 32 in 1 Elektronik HP Laptop;Rp29.900;N/A;N/A;Stok Total: 27;Dikirim dari Kota Semarang;Obeng
FEYTH FPD 011 Electric Drum Kit With New Pedals / FPD011 / Elektronik DrumKit Portable Pedal Baru - Paket Lengkap;Rp4.580.000;N/A;N/A;Stok: 99;Dikirim dari Kota Bandung;Drum Elektrik
JASA PASANG AC MELIN ELEKTRONIK FREE PIPA KABEL BRAKET VACUM PREMIUM - 0.5 PK - 1 PK;Rp650.000;N/A;N/A;Stok: 47;Dikirim dari Kota Tangerang Selatan;Air Conditioner
Tasbih Digital / Alat Hitung Digital Led Tasbih Digital Elektronik - 0;Rp4.000;N/A;N/A;Stok: Sisa 8;Dikirim dari Kab. Gresik;Tasbih
Adaptor 12V 1A Untuk CCTV Modem Arduino Speaker Alat Elektronik, Dll;Rp30.000;N/A;N/A;Stok Total: 75;Dikirim dari Kota Manado;Spare Part
Obeng Set Reparasi 115 in 1 HP Komputer Laptop Smartphone Elektronik Repair Tools Screwdriver - MANUAL;Rp65.000;Rp130.000;50%;Stok: 1.410;Dikirim dari Kota Administrasi Jakarta Pusat;Obeng
Pinset Elektronik jepitan SMD Jepitan Komponen Elektronic - TS-15 Bengkok;Rp7.900;N/A;N/A;Stok: Sisa 1;Dikirim dari Kab. Tangerang;Pinset
Alat Terapi Peni Jumbo Elektronik;Rp785.000;N/A;N/A;Stok Total: 99999;Dikirim dari Kota Bekasi;Alat Terapi
168 In 1 Mainan Tamagotchi Elektronik Hewan Peliharaan Virtual Hewan - rumah;Rp32.200;N/A;N/A;Stok: 818;Dikirim dari Kab. Tangerang;Playing Card
【COD】Jovitech Cincin Penghitung Doa Elektronik SR01 Digital Smart Ring LED Display Bluetooth - SR01 - 1 18mm;Rp139.990;Rp399.900;65%;Stok: 1.230;Dikirim dari Kota Administrasi Jakarta Barat;Cincin Pria
PAKET PASANG TANPA MATERIAL Melin Elektronik;Rp350.000;N/A;N/A;Stok Total: 72;Dikirim dari Kota Tangerang Selatan;Air Conditioner
"Tang Crimping Kupas Kabel Elektronik 6"" - Tang Pres Skun Kabel Tekiro";Rp57.000;N/A;N/A;Stok Total: Sisa 3;Dikirim dari Kota Administrasi Jakarta Timur;Tang Crimping
BTS Meal McD Melting - Uang Elektronik Kartu Flazz BCA Gen 2/ Emoney - Flazz 1 Sisi;Rp138.000;N/A;N/A;Stok: 16;Dikirim dari Kota Administrasi Jakarta Barat;Hadiah Custom
AP77 epoxy cor komponen elektronik-epoxy casting dan potting-untuk cor;Rp189.000;N/A;N/A;Stok Total: 160;Dikirim dari Jakarta Barat;Komponen Listrik
Tang/Clipper microchip elektronik for phone and electronic repair;Rp12.500;N/A;N/A;Stok Total: 20;Dikirim dari Kota Surabaya;LCD Handphone
Mainan Elektronik Pesawat Rakitan Mesin Dinamo - Coklat;Rp21.899;N/A;N/A;Stok Total: Sisa 10;Dikirim dari Kab. Sleman;Pesawat RC
Pelampung Pancing Elektronik Otomatis Led - hanya pelampung, Hitam;Rp50.000;N/A;N/A;Stok: Sisa 10;Dikirim dari Jakarta Selatan;Fish Finder
(BISA COD) UPUPIN Memory Card 128GB Micro SD Untuk kamera SD Card Storage Otg Elektronik - 128G;Rp209.000;Rp428.000;51%;Stok: 25;Dikirim dari Kota Tangerang;SSD
Plastik Klip Anti-Static ESD Zipper Lock Clip Plastic Bag Elektronik - 6X9;Rp500;N/A;N/A;Stok: 5.623;Dikirim dari Kota Bekasi;Plastik Klip
Ballast QTZ8 1X36 TLD T8 36W OSRAM Ballast Elektronik TL 1x36W OSRAM;Rp60.000;N/A;N/A;Stok Total: 99;Dikirim dari Kota Administrasi Jakarta Pusat;Bohlam
Obeng Set 31 in 1 untuk Handphone HP Laptop Komputer Elektronik DLL;Rp13.900;N/A;N/A;Stok Total: 484;Dikirim dari Kota Medan;Obeng
! CLIO POCKET 2 : ALAT UKUR ELEKTRONIK & AKUSTIK AUDIO -;Rp20.250.000;N/A;N/A;Stok Total: 19;Dikirim dari Kota Depok;Voice Recorder
Tang Plato 170 U.S. unruk 3D Printer dan DIY Elektronik;Rp12.000;N/A;N/A;Stok Total: Sisa 5;Dikirim dari Kota Bandung;Tang
BATERAI ELEKTRONIK UNIVERSAL 401025 10MM X 25MM 400MAH TEBAL 4MM MANTUL HARGA PABRIK;Rp25.000;N/A;N/A;Stok Total: 99767;Dikirim dari Kota Administrasi Jakarta Barat;Baterai Jam
IC perlengkapan elektronik campur harga borongan berat 200grm;Rp250.000;N/A;N/A;Stok Total: Sisa 1;Dikirim dari Kota Surabaya;IC Handphone
Stand Holder Partitur Sheet Buku Musik Untuk Organ Piano / Keyboard Elektronik - Hitam;Rp76.630;N/A;N/A;Stok: 97;Dikirim dari Kota Cimahi;Stand Keyboard
Starter Kit Komponen Elektronik UNO R3 Arduino R3 DIY Dengan Kotak - pack;Rp144.530;N/A;N/A;Stok: 145;Dikirim dari Kota Cimahi;Lainnya
MITO Oven Listrik MO888 / MO 888 / MO-888 White Fantasy 2 Putih 33L Low Watt NUANSA ELEKTRONIK SURABAYA - + BUBBLEWRAP;Rp1.360.000;N/A;N/A;Stok: Sisa 2;Dikirim dari Kota Surabaya;Oven Listrik
My.L CUSTOM - Map Sertifikat Tanah Elektronik, Map Sertipikat F4 Folio Nama Notaris PPAT BPN - Minimal 25pcs+;Rp21.300;N/A;N/A;Stok: 30 rb;Dikirim dari Kab. Bandung;Map
UGREEN Spiral Cover Pembungkus Manajemen Kabel PC Elektronik Listrik - 1.5 METER;Rp45.000;N/A;N/A;Stok: 40;Dikirim dari Kota Administrasi Jakarta Barat;Kabel & Konektor Telepon
WBS JAM TANGAN DIGITAL LED WANITA PRIA ELEKTRONIK ANAK REMAJA KIDS FASHION - abu-abu;Rp8.500;Rp15.000;43%;Stok: Sisa 4;Dikirim dari Kota Surabaya;Jam Tangan Digital Anak
Switch Panel 10065-BK Black Saklar Terminal Untuk Elektronik Kapal AAA;Rp548.600;N/A;N/A;Stok Total: 20;Dikirim dari Jakarta Barat;Saklar
ballast elektronik 40;Rp18.000;N/A;N/A;Stok Total: 37;Dikirim dari Kota Bogor;Bohlam
BATERAI ELEKTRONIK TABLET CINA UNIVERSAL 4064103 KABEL 3 60MM X 103MM TEBAL 4MM BATERAI TAB;Rp65.000;N/A;N/A;Stok Total: 9999;Dikirim dari Kota Administrasi Jakarta Barat;Baterai Handphone
Klip Perapih Kabel - Organizer Instalasi Kabel Elektronik - FT8018 - Hitam;Rp12.500;N/A;N/A;Stok: 100 rb;Dikirim dari Jakarta Barat;Cord Holder
kap lampu elektronik t8 15watt Housing TL UVC kap saja;Rp65.000;N/A;N/A;Stok Total: 46;Dikirim dari Jakarta Barat;Fitting Lampu
WD40 / WD 40 / WD-40 CONTACT CLEANER SPECIALIST PEMBERSIH ELEKTRONIK;Rp72.100;N/A;N/A;Stok Total: 238;Dikirim dari Kota Makassar;Fuel Additive
paket Solder Kit teknisi / service elektronik / hp 60W 220V - SIK-002;Rp97.900;N/A;N/A;Stok Total: 500;Dikirim dari Kota Administrasi Jakarta Barat;Soldering Kit
Mini Massage Gun Alat Pijat Badan Mini Elektronik Batterai Bisa Isi Ulang - Hijau;Rp145.500;Rp150.000;3%;Stok: Sisa 1;Dikirim dari Kota Bandung;Alat Pijat
Rubber Feet Kaki Karet sticker pad furniture meja kursi elektronik - 12.5x12.5x6 mm;Rp16.000;N/A;N/A;Stok: 498;Dikirim dari Kota Administrasi Jakarta Barat;Pengaman Furniture
Balast Ballast elektronik T8 36 watt Osram;Rp47.000;N/A;N/A;Stok Total: 598;Dikirim dari Jakarta Selatan;Bohlam
Baterai RC,Elektronik,Speaker,dll 2X 18650 3.7V 4000mAhSoket LOSI 2pin;Rp40.750;N/A;N/A;Stok Total: 299;Dikirim dari Kota Administrasi Jakarta Pusat;Pesawat RC
Mosfet IRF3205 Spare Part Elektronik ORI Komponen Asli 110A 55V;Rp10.000;N/A;N/A;Stok Total: Sisa 10;Dikirim dari Kota Administrasi Jakarta Barat;Buku Elektro
Krisbow pro tang potong kabel elektronik 12cm/cutting plier 5inch;Rp209.000;N/A;N/A;Stok Total: Sisa 5;Dikirim dari Kota Surabaya;Tang Potong
WD40 WD 40 WD-40 CONTACT CLEANER / PEMBERSIH BARANG ELEKTRONIK 200ML;Rp73.500;N/A;N/A;Stok Total: 11104;Dikirim dari Kota Surabaya;Pelumas Kendaraan
Piring/Mangkok/Tiang Benang Import/aksesoris/elektronik/Mesin Jahit;Rp3.000;N/A;N/A;Stok Total: 62;Dikirim dari Jakarta Barat;Mesin Jahit
KOTAK ELEKTRONIK BOX X6 BOX X-6 BOX 18.5X11.5X6CM HITAM BOX KERAJINAN;Rp9.900;N/A;N/A;Stok Total: 9752;Dikirim dari Kab. Sidoarjo;Kotak Karton
Catur komputer elektronik kasparov untuk pemula berlatih;Rp850.000;N/A;N/A;Stok Total: Sisa 1;Dikirim dari Kota Magelang;Strategy Games
Jual Baut Skrup Elektronik Baut JF 4x12 Stainless steel 304 / 10 pcs;Rp5.200;N/A;N/A;Stok Total: 100000;Dikirim dari Kota Bandung;Lainnya
Contact Cleaner 500ml / Pembersih komponen elektronik Konektor PCB;Rp48.000;N/A;N/A;Stok Total: Sisa 2;Dikirim dari Kota Malang;Contact Cleaner
Electronic Air DrumStickS Stik Drum Udara Elektronik Mainan Anak Musik - Warna;Rp68.888;N/A;N/A;Stok: 29;Dikirim dari Kota Depok;Piano Anak
MIIGO - Piano Elektronik Portabel 88 Keys untuk Dewasa dan Anak-anak - Package A;Rp1.341.000;N/A;N/A;Stok: 11;Dikirim dari Kab. Tangerang;Piano Elektrik
Ballast elektronik HF-S 236 TL-D 220-240 philips;Rp100.000;N/A;N/A;Stok Total: 95;Dikirim dari Jakarta Barat;Bohlam
TEKIRO HK-EL1198 KUNCI L ELEKTRONIK Set 7 Pcs - Hex Key Set Elektro;Rp25.000;N/A;N/A;Stok Total: Sisa 7;Dikirim dari Jakarta Barat;Kunci L
Perapih Kabel Spiral Pengikat Rem Shifter Sepeda Komputer Elektronik;Rp7.000;N/A;N/A;Stok Total: 2990;Dikirim dari Jakarta Barat;Spare Part Sepeda
Timbangan Badan Elektronik | KrisBow Timbangan Badan Kaca 180 Kris;Rp199.000;N/A;N/A;Stok Total: Sisa 6;Dikirim dari Jakarta Utara;Timbangan Badan
Keqing Edition - Uang Elektronik Kartu Genshin Emoney Etoll Mandiri - Emoney 1 Sisi;Rp85.000;N/A;N/A;Stok: 23;Dikirim dari Kota Administrasi Jakarta Barat;Hadiah Custom
CCL Standard Pelumas Tamiya Cleaner Lubricant Elektronik Anti Karat;Rp32.500;N/A;N/A;Stok Total: 9990;Dikirim dari Kota Surabaya;Part Mini 4WD (Tamiya)
Timbangan Dapur Kitchen Scale Digital Elektronik 10kg 1g;Rp69.900;N/A;N/A;Stok Total: 659;Dikirim dari Kota Tangerang Selatan;Timbangan Dapur
Pembaruan Hukum Acara Perdata Di Indonesia Pengadilan Elektronik;Rp97.500;N/A;N/A;Stok Total: Sisa 4;Dikirim dari Kota Administrasi Jakarta Utara;Buku Hukum Perdata
Komponen elektronik MKM 33 nf;Rp500;N/A;N/A;Stok Total: 411;Dikirim dari Kota Tangerang Selatan;Capacitor
Panasonic baterai  Lithium CR2025 Original 3V - Tahan Lama dan Aman Digunakan untuk Perangkat Elektronik;Rp15.000;N/A;N/A;Stok Total: 27;Dikirim dari Kota Administrasi Jakarta Selatan;Baterai Jam
AQUA Elektronik Mesin Cuci 1 Tabung 7 KG AQW-79DD;Rp2.575.000;Rp2.749.000;6%;Stok Total: Sisa 4;Dikirim dari Kota Administrasi Jakarta Utara;Mesin Cuci
"LED TV AQUA AQUA 32"" Elektronik Digital TV AQT32K70M 32 Inch | AQT32K70M HD Digital USB Movie LED TV DIGITAL - TANPA KAYU";Rp1.550.000;N/A;N/A;Stok: Sisa 2;Dikirim dari Kota Surabaya;Televisi
SW-200D Saklar Sudut Miring Tilt Elektronik Dengan Sensor Getaran;Rp5.000;N/A;N/A;Stok Total: 78;Dikirim dari Kab. Cirebon;Motion Detector
POP IT SENSORY TOY ELEKTRONIK elektrik electronic nyala fast push new - ASTRONAUT;Rp89.000;N/A;N/A;Stok: Sisa 7;Dikirim dari Kota Administrasi Jakarta Utara;Mainan Montessori
Isolasi Bakar Selang & Kabel – Paket 164 Pcs dan 328 Pcs, Pelindung Kabel untuk HP dan Elektronik - As picture show;Rp70.000;N/A;N/A;Stok: 860;Dikirim dari Kota Administrasi Jakarta Barat;Kabel Roll
Isolasi Bakar Selang & Kabel – Paket 164 Pcs dan 328 Pcs, Pelindung Kabel untuk HP dan Elektronik - As picture show;Rp70.000;N/A;N/A;Stok: 860;Dikirim dari Kota Administrasi Jakarta Barat;Kabel Roll
TERMURAH Obeng Set 30 in 1 Magnetic Tool Kit Magnet Service Reparasi HP Elektronik Laptop PC T320 - Not Specified;Rp17.000;N/A;N/A;Stok: Sisa 5;Dikirim dari Kota Surabaya;Obeng
ELEKTRONIK MEDIA PLAYER & SET TOP BOX GOOGLE CHROMECAST 2 NEW;Rp192.000;N/A;N/A;Stok Total: 21;Dikirim dari Jakarta Barat;Receiver TV
Lampu Kerja LED Kaca Pembesar Untuk Reparasi Elektronik & Jam;Rp121.900;N/A;N/A;Stok Total: 13;Dikirim dari Kota Surabaya;Kaca Pembesar
buku ebook elektronik edukasi anak inggris mandarin;Rp96.000;N/A;N/A;Stok Total: Sisa 5;Dikirim dari Jakarta Barat;Buku Dunia Pengetahuan
OA546 Better Kotak Pensil Elektronik Dengan Password;Rp241.000;N/A;N/A;Stok Total: 4998;Dikirim dari Kota Administrasi Jakarta Timur;Tempat Pensil
Obeng Set Service HP Elektronik Laptop Komputer Screwdriver 115 in 1;Rp75.000;N/A;N/A;Stok Total: 998;Dikirim dari Kota Administrasi Jakarta Barat;Obeng
Mainan Elektronik Pesawat Rakitan Mesin Dinamo;Rp16.900;N/A;N/A;Stok Total: 550;Dikirim dari Kota Administrasi Jakarta Barat;Pesawat RC
AQUA Elektronik  TV 43inch Smart Android TV LE43AQT6700UG 4K UHD | RESMI;Rp5.029.000;N/A;N/A;Stok Total: Sisa 2;Dikirim dari Kota Administrasi Jakarta Utara;Televisi
Mainan Piano Elektronik 61 Keys /Keyboard Electronic 61 Keys Mic & Cas;Rp164.000;N/A;N/A;Stok Total: 425;Dikirim dari Kab. Bekasi;Piano Elektrik
Tongkat E-Toll GTO Tongkat Kartu Elektronik Toll;Rp3.000;N/A;N/A;Stok Total: Sisa 2;Dikirim dari Kota Yogyakarta;Tongkat E-Toll
Rust Controller Anti Karat Elektronik;Rp1.500.000;N/A;N/A;Stok Total: 992;Dikirim dari Jakarta Pusat;Pelumas Kendaraan
Kunci L Set Elektronik / Hex Key Electro 7 Pcs TEKIRO - Inchi;Rp23.000;N/A;N/A;Stok Total: 70;Dikirim dari Jakarta Barat;Kunci L
Timer Microwave Oven Elektronik 2 Pin 120 Menit (Wta-3002B-120);Rp131.000;N/A;N/A;Stok Total: 468;Dikirim dari Kota Administrasi Jakarta Timur;Timer Masak
Obeng Set 31 in 1 - Obeng Handphone - Elektronik - HP Laptop - Kuning;Rp12.800;N/A;N/A;Stok Total: 1918;Dikirim dari Kota Administrasi Jakarta Utara;Obeng
Baut Mur Putih  M4 kepala bulat atau kepala rata baut elektronik baut obeng 4 machine screw 4mm  k7 - 4x10, Kepala Bulat JP;Rp1.000;N/A;N/A;Stok: 40;Dikirim dari Kota Makassar;Baut
Holder 1x D Kotak Baterai Kompor gas Pematik kompor Elektronik 1x1.5v;Rp8.000;N/A;N/A;Stok Total: 96;Dikirim dari Kab. Tangerang;Korek Kompor
Pinset Jepitan Penjepit Alat Bantu Reparasi Barang Elektronik Portabel - LURUS;Rp8.500;N/A;N/A;Stok: 97;Dikirim dari Jakarta Barat;Pinset
Jam Tangan Anak LED Karekter Elektronik Digital / Jam Anak LED Karekter Digital kekinian - hello Kitty merah;Rp14.000;N/A;N/A;Stok: 63;Dikirim dari Kota Surabaya;Jam Tangan Digital Anak
New Box X9 Serba Guna untuk Custom Elektro/Elektronik 24 x 14 x 9,5cm;Rp40.000;N/A;N/A;Stok Total: 16;Dikirim dari Kab. Probolinggo;Miniatur & Karikatur
Trafo Halogen / Electronic Transformer trafo elektronik 50W;Rp10.000;N/A;N/A;Stok Total: 287;Dikirim dari Jakarta Utara;Komponen Listrik
TEKIRO Kunci L Set Elektronik Set 7 Pcs Set Kunci L Elektronik Mini Isi 7 pcs Jam / Handphone / Notebook - Vanadium Electro Hex Key;Rp31.807;Rp39.758;20%;Stok Total: 2948;Dikirim dari Kota Depok;Kunci Inggris
Balas Elektronik EBC-EP Philips 36 watt;Rp58.000;N/A;N/A;Stok Total: 1801;Dikirim dari Kota Tangerang;Fitting Lampu
PINSET SERBAGUNA STAINLESS SERVICE ELEKTRONIK HP DLL - TS-10 LURUS;Rp4.000;N/A;N/A;Stok: Sisa 7;Dikirim dari Kota Semarang;Pinset
Stetoskop Elektronik Suara Mantap Mirip Littmann dengan potensio;Rp750.000;N/A;N/A;Stok Total: Sisa 2;N/A;Alat Diagnosa
TIMBANGAN SAYURAN DAN MAKANAN ELEKTRONIK TERLARIS SOLUSI JUALAN kue Kitchenware;Rp24.000;Rp38.500;38%;Stok Total: 66;Dikirim dari Kota Bandung;Timbangan Dapur
MULTI TETER JARUM MEREK HELES YX360TRD ALAT TESS ELEKTRONIK / LISTRIK;Rp185.000;N/A;N/A;Stok Total: 50;Dikirim dari Jakarta Barat;Pengukur Arus Listrik
Obeng Set 115 in 1 Screwdriver Reparasi Smartphone Laptop Elektronik - 122 in 1;Rp75.000;N/A;N/A;Stok: 55;Dikirim dari Kota Bandung;Obeng
AQUA Elektronik AQT32K70M DIGITAL TV 32 INCH HD SMART TV Dengan Miracast - Bracket TV;Rp539.500;N/A;N/A;Stok: 87;Dikirim dari Kota Administrasi Jakarta Pusat;Televisi
Fan DC Happy 12 x 12 / Kipas Pendingin Elektronik;Rp24.200;N/A;N/A;Stok Total: Sisa 4;Dikirim dari Kota Malang;Industrial Fan
Skrup Taping PH M 10 Sekrup Tapping Kepala Bulat 10 MM Screw Round Head Kayu Elektronik Self Trapping Screws PAB PH M10 - M 10 X 3/8 INCH;Rp1.180;N/A;N/A;Stok: 975;Dikirim dari Kota Depok;Skrup
Kabel HDMI 3 Meter Flat - Aksesoris Elektronik - Accessories;Rp17.800;N/A;N/A;Stok Total: 18;Dikirim dari Kota Administrasi Jakarta Barat;Kabel HDMI
Box 2 Kuping Box Elektronik Box Plastik Rangkaian Elektronik;Rp2.500;N/A;N/A;Stok Total: 94;Dikirim dari Kab. Bekasi;Lainnya
NEPTO FLUX RMA-223 10CC ORIGINAL - FLUX TEKNISI HANDPHONE ELEKTRONIK - FLUX PASTE RESIDU RENDAH;Rp2.250;Rp2.700;17%;Stok Total: 1994;Dikirim dari Kota Tangerang;Pasta Solder
Suka Elektronik Fitting Lampu Sensor Cahaya Nyala Mati Otomatis;Rp45.000;N/A;N/A;Stok Total: 247;Dikirim dari Kota Surakarta;Fitting Lampu
OBENG SET 8in1 HANDPHONE ALAT BUKA HP OBENG HP LAPTOP ELEKTRONIK;Rp23.000;N/A;N/A;Stok Total: Sisa 2;Dikirim dari Kota Surakarta;Obeng
Buku Pengetahuan Teknik Elektronik;Rp85.000;N/A;N/A;Stok Total: 132;Dikirim dari Kota Administrasi Jakarta Pusat;Buku Engineering
transistor 13003 elektronik;Rp1.100;N/A;N/A;Stok Total: 9651;Dikirim dari Kab. Sidoarjo;Buku Elektro
POMPA GALON DISPENSER ELEKTRONIK LIPAT DESAIN MODERN FOLDABLE 1200 mAh;Rp59.990;Rp60.990;2%;Stok Total: 1903;Dikirim dari Kota Surabaya;Pompa Galon
Pita Mesin Tik Elektronik BROTHER AX -1030;Rp44.855;N/A;N/A;Stok Total: 20;Dikirim dari Jakarta Utara;Mesin Jilid
Elektronik / CHEST FREEZER TOSHIBA 200 liter CR 258 i garansi resmi 5 tahun;Rp2.995.000;N/A;N/A;Stok Total: 50;Dikirim dari Jakarta Barat;Freezer
Packing Bubble Wrap Tambahan utk elektronik size besar (microwave,dll);Rp15.300;N/A;N/A;Stok Total: 913;Dikirim dari Kota Administrasi Jakarta Utara;Microwave
BOX X4 BOX HITAM X4 BOX PLASTIK X4 Box Elektronik Plastik;Rp7.500;N/A;N/A;Stok Total: Sisa 9;Dikirim dari Kota Bandung;Lainnya
Packing Kayu Barang Elektronik;Rp70.000;N/A;N/A;Stok Total: Sisa 1;Dikirim dari Kota Administrasi Jakarta Pusat;Kayu
Power Supply Jaring 12V kapasitas 10 Ampere Elektronik Charger Laptop;Rp61.000;Rp122.000;50%;Stok Total: 344;Dikirim dari Kota Administrasi Jakarta Barat;Internal Power Supply
Lem Kabel Listrik Elektronik Sealant Tape Insulating Sealing Glue;Rp50.000;N/A;N/A;Stok Total: 22;Dikirim dari Kota Bandung;Isolasi Listrik
Ezren 2.5CM Isolatif Antipanas Kopten Perekat Elektronik BGA Tape;Rp42.811;N/A;N/A;Stok Total: 9980;Dikirim dari Kab. Tangerang;Double Tape
CONTACT CLEANER MERK ZONE PEMBERSIH KOMPONEN ELEKTRONIK 400ML;Rp24.900;N/A;N/A;Stok Total: 48;Dikirim dari Kota Depok;Contact Cleaner
Kartu Polos Elektronik Polos;Rp85.000;N/A;N/A;Stok Total: Sisa 2;Dikirim dari Kota Bandung;Kertas Fax
Lampu Neon USB Strip LED 37 Lampu Baca Lampu Hias Lampu Elektronik;Rp33.000;N/A;N/A;Stok Total: 961;Dikirim dari Jakarta Barat;Lampu Hias
Mosfet IRF840 Spare Part Electronic ORI Komponen Elektronik 8A 500V;Rp10.000;N/A;N/A;Stok Total: 38;Dikirim dari Kota Administrasi Jakarta Barat;Buku Elektro
"Set Kunci L Elektronik TEKIRO 7 Pcs, Tipe 0.71-3mm0.028""-7/64""";Rp33.600;Rp48.000;30%;Stok Total: 503;Dikirim dari Kota Depok;Tool Kit Set
Ramen Rider - Uang Elektronik Kartu Flazz BCA Gen 2/ Emoney Mandiri - Flazz 1 Sisi;Rp138.000;N/A;N/A;Stok: 76;Dikirim dari Kota Administrasi Jakarta Barat;Hadiah Custom
Mic wireless QA Elektronik KD 370 Original;Rp2.000.000;N/A;N/A;Stok Total: Sisa 4;Dikirim dari Kab. Bogor;Microphone
WD40 / WD 40 Specialist Contact Cleaner 360ml - untuk elektronik.;Rp80.000;Rp81.000;1%;Stok Total: 35;Dikirim dari Kota Administrasi Jakarta Utara;Pelumas Kendaraan
Box Plastik Hitam Rem X2 X 2 kecil elektronik mini kuping 4,4x3x2,5cm;Rp2.500;N/A;N/A;Stok Total: 9136;Dikirim dari Kota Depok;Lainnya
Timer Elektronik untuk Proses Kopi Manual Brew - Putih;Rp17.700;N/A;N/A;Stok: 115;Dikirim dari Kota Bandung;Coffee & Tea Maker
520ml CO CONTACT CLEANER SPRAY KOMPONEN LISTRIK ELEKTRONIK 520 ml CRC;Rp113.000;N/A;N/A;Stok Total: 99980;Dikirim dari Kota Medan;Kunci Shock
THERMOSTAT ELEKTRONIK FOR MERCY GLC250 2017 2018 W212 M274 C180 C300;Rp2.750.000;N/A;N/A;Stok Total: Sisa 1;Dikirim dari Jakarta Utara;Radiator & Komponen Mobil
travo ballast balast elektronic elektronik philips ebc 1x36watt 1x36;Rp70.000;N/A;N/A;Stok Total: 99992;Dikirim dari Kota Administrasi Jakarta Barat;Bohlam
Cooler Master Ice Fusion V2 Pasta Thermal 40gr RG-ICF-CWR3-GP Adhesi Tingkat Tinggi untuk CPU VGA NVMe dan Laptop - Elektronik;Rp98.000;N/A;N/A;Stok Total: Sisa 10;Dikirim dari Kota Yogyakarta;Internal Fan & Cooler
tang buaya lancip elektronika elektronik gates asli ori original;Rp25.000;N/A;N/A;Stok Total: 99998;Dikirim dari Kota Administrasi Jakarta Barat;Tang
ballast elektronik Philips untuk lampu TL 1-2*36w/1-4*18w EB-Ci;Rp115.000;N/A;N/A;Stok Total: 50;Dikirim dari Kota Administrasi Jakarta Pusat;Anti Petir
BOX X 1 HITAM ADA LUBANG PLASTIK X1 Kotak Elektronik Elektronika;Rp4.900;N/A;N/A;Stok Total: 764;Dikirim dari Kota Medan;Kunci Shock
Sponge Spon Spons Cuci Mobil Motor Elektronik Serbaguna Microfiber Cendol Tebal Halus | High Quality;Rp19.999;N/A;N/A;Stok Total: 81;Dikirim dari Kab. Tangerang;Lap Chamois
ABC Elektronik Official - JAM UWEL AMULET KEREN ES1531;Rp488.550;N/A;N/A;Stok Total: 268;Dikirim dari Kota Bandung;Jam Tangan Analog Pria
Skrup Hitam Kepala Topi Baut Elektronik PH Hitam Kepala Plus - 10 Pcs - M2 x 4 x 6;Rp5.000;N/A;N/A;Stok: 1.997;Dikirim dari Kota Administrasi Jakarta Timur;Skrup
COD Otomotif Elektronik Relay Tester Pemeriksa Baterai Mobil Lampu Indikator LED Universal 12V Mobil Relay Tester;Rp139.000;Rp347.500;60%;Stok Total: 19;Dikirim dari Kota Administrasi Jakarta Barat;Relay
MINISO Obeng Set 31 in 1 Multi Screwdriver Handphone Elektronik Tool - 31 PCS;Rp24.000;N/A;N/A;Stok: 25;Dikirim dari Kab. Karawang;Obeng
Box Plastik Hitam X3 X 3 elektronik 10x7x4cm 10cm 7cm 4cm;Rp4.750;N/A;N/A;Stok Total: 99053;Dikirim dari Kota Depok;Lainnya
Alat Solder Listrik 60Watt 60W NANKAI Lurus Service Elektronik Timah;Rp17.350;N/A;N/A;Stok Total: 100000;Dikirim dari Kota Surabaya;Lem Material
TEKIRO KUNCI L SET ELEKTRONIK 7PCS 0,71-3MM HEX KEY ELECTRO;Rp23.000;N/A;N/A;Stok Total: 967;Dikirim dari Kab. Bogor;Kunci Inggris
MITO Oven Listrik New Fantasy 2 MO888 Silver 33L Low Watt MO 888 MO-888 NUANSA ELEKTRONIK SURABAYA - + BUBBLEWRAP;Rp1.360.000;N/A;N/A;Stok: Sisa 2;Dikirim dari Kota Surabaya;Oven Listrik
MOTOR MOBIL ATV MINI ELEKTRONIK AKI 36 VOLT ANAK DEWASA TOURING 50CC;Rp900.000;N/A;N/A;Stok Total: Sisa 1;Dikirim dari Kota Administrasi Jakarta Pusat;Charger Aki Mobil
Ballast travo TL elektronik EBC 236 36w 36 watt EP philips;Rp125.000;N/A;N/A;Stok Total: 81;Dikirim dari Kota Administrasi Jakarta Pusat;Komponen Listrik
Ariete Alat Pel Steam 10 In 1 | Penghisap Debu Uap | Elektronik Pember;Rp1.599.000;N/A;N/A;Stok Total: Sisa 9;Dikirim dari Kota Bekasi;Alat Pel
Lilin LED (Lilin Elektronik) - LC001 - Rainbow isi 10 (request warna dapat melalui chat);Rp27.000;N/A;N/A;Stok: 14;Dikirim dari Kab. Sleman;Lampu Proyektor
AC adaptor Alesis Drum elektronik DM5- DM8 9vol ori pabrik;Rp105.000;N/A;N/A;Stok Total: 83;Dikirim dari Kota Administrasi Jakarta Utara;Drum Elektrik
OLV HOUSE Obeng Set 31 in 1 Multifungsi Untuk HP, Laptop, PC, Android, DVD, Peralatan Elektronik Mudah di Bawa;Rp18.000;N/A;N/A;Stok Total: 63;Dikirim dari Kota Makassar;Obeng
Contact Cleaner WD - 40 Specialist 200 ML Pembersih Kotoran Elektronik;Rp72.300;N/A;N/A;Stok Total: 119;Dikirim dari Kota Administrasi Jakarta Barat;Contact Cleaner
Reader KTP Elektronik;Rp10.075.000;N/A;N/A;Stok Total: 100;Dikirim dari Kota Semarang;Card Readers
ELEKTRONIK AUDIO WE 2248MIC WIRELESS DUAL HEADSET HARDWELL H2 H2 H 2;Rp1.200.000;N/A;N/A;Stok Total: 15;Dikirim dari Jakarta Barat;Microphone
"Tang Lancip Elektronik 5"" Tekiro";Rp90.000;N/A;N/A;Stok Total: Sisa 6;Dikirim dari Jakarta Barat;Tang
ELEKTRONIK CLEANER DZ-76 300ml Pembersih komponen elektronik dan komputer;Rp27.000;N/A;N/A;Stok Total: 2193;Dikirim dari Kab. Tangerang;Obat Jamur Mobil
Rexco 18 Pembersih Elektrik & Elektronik (Contact Cleaner) 220 ML;Rp32.193;N/A;N/A;Stok Total: 9742;Dikirim dari Kota Bandung;Contact Cleaner
Kabel Fleksibel USB to Motherboard Cocok Untuk Laptop Asus A53S K53S X555QG X455L X457 30 Pin Searah - 15,5 MM Lebar - Elektronik - 10 CM;Rp30.875;Rp32.500;5%;Stok: 100;Dikirim dari Kab. Jepara;Kabel Front Panel
Health Pot Teapot Jasmine Tea Teko Elektronik EP;Rp370.000;N/A;N/A;Stok Total: 100000;Dikirim dari Kota Medan;Teko & Pemanas Air
ballast /trafo elektronik philips ebc 1x36watt;Rp60.000;N/A;N/A;Stok Total: 37;Dikirim dari Jakarta Barat;Komponen Listrik
MAINAN ANAK E-BOOK DAN PLAYPAD MUSLIM 4 BAHASA + LED -  BUKU PINTAR EBOOK PLAYPAD MUSLIM ELEKTRONIK - PLAYPAD-4BAHASA;Rp57.000;N/A;N/A;Stok: 100;Dikirim dari Kota Administrasi Jakarta Pusat;Magnetic Drawing
Meja Dasbor Meja Digital Lcd Mini Jam Elektronik Untuk Desktop Rumah Kantor Jam Meja Tampilan Meja Diam - Stazionario - White;Rp23.500;Rp50.000;53%;Stok: 192;Dikirim dari Kota Administrasi Jakarta Utara;Jam Meja
ORIGINAL MY-2098 Rak Perkakas Alat Kerja Servis HP Laptop Elektronik;Rp199.500;N/A;N/A;Stok Total: Sisa 2;Dikirim dari Kota Medan;Tool Kit Set
BALLAST ELEKTRONIK OSRAM T8 1X36W DAN 2X36W 220V. ORIGINAL PRODUCT! EZ-TRONIC EZP 8 1X36W DAN 2X36W. - 1x36w;Rp35.000;N/A;N/A;Stok: Sisa 8;Dikirim dari Kota Administrasi Jakarta Barat;Komponen Listrik
BUKU TEKNIK ELEKTRONIK DIGITAL SYSTEM DESIGN AND MICROPROCESSORS;Rp75.000;N/A;N/A;Stok Total: Sisa 1;Dikirim dari Kab. Bandung;Buku Engineering
ABC Elektronik Official - Changhong 55QCN1 Qled 55 Inch Uhd 4k Google Smart Tv Hdr 10 Digital Tv;Rp7.931.500;N/A;N/A;Stok Total: Sisa 4;Dikirim dari Kota Bandung;Televisi
Fan Cooling Wifi Router Tv Box Kipas Pendingin USB Adaptor 12v DC 9cm Elektronik Mesin - Tanpa Konektor, Angin Keatas;Rp92.000;N/A;N/A;Stok: Sisa 10;Dikirim dari Kota Administrasi Jakarta Timur;Cooling Pad
Jam cermin bercahaya dalam dekorasi meja jadwal jam desktop tampilan digital led jam alarm elektronik - hitam;Rp66.000;Rp132.000;50%;Stok: 89;Dikirim dari Kab. Tangerang;Jam Meja
Sesuai untuk(Redmi 9c)kasus telepon,Komponen elektronik,bahan kaca tempered, anti drop, anti slip, wear-resistant - 1, Redmi 9c;Rp58.000;N/A;N/A;Stok: 9.799;Dikirim dari Kab. Tangerang;Screen Protector Handphone
Lap Microfiber Kain Pembersih Pengering Kendaraan Elektronik Serap;Rp4.200;N/A;N/A;Stok Total: Sisa 1;Dikirim dari Kota Administrasi Jakarta Timur;Kain Lap
Squid Game Card- Uang Elektronik Kartu Flazz BCA Gen 2/ Emoney Mandiri - Flazz 1 Sisi;Rp138.000;N/A;N/A;Stok: 186;Dikirim dari Kota Administrasi Jakarta Barat;App Gift Card Fisik
Kapasitor Kipas Angin BM CBB61 SH 1,2uf 450v Sanex DLL - Komponen Elektronik Berkualitas;Rp12.000;N/A;N/A;Stok Total: 607;Dikirim dari Kota Bekasi;Telepon Kabel
S10 P Lampu TL Starter Philips Stater S 10–P 4-65W S10-P stater electronic Parts Komponen Elektronik aksesoris listrik Spare Part electronics;Rp8.900;N/A;N/A;Stok Total: 10591;Dikirim dari Kota Administrasi Jakarta Timur;Bohlam
DIY KIT Music Box 16Suara Sirine Bell KIT Belajar Elektronik Menyolder - sudah di rakit;Rp35.000;N/A;N/A;Stok: 50;Dikirim dari Kota Bekasi;Mata Bor
Kalkulator elektronik 12 digit Joyko CC 800;Rp79.500;N/A;N/A;Stok Total: 100000;Dikirim dari Jakarta Barat;Kalkulator
Tabung Vakum Elektronik PHILIPS JAN 6922/E88CC - Harga per buah;Rp595.000;N/A;N/A;Stok Total: 45;Dikirim dari Kota Bandung;Sound System
Magnet Ring Neodyium 25x5mm Lubang 5/10mm Grade N52 Potensial Tinggi untuk Industri Lampu Perangkat Elektronik dan Mainan;Rp42.000;N/A;N/A;Stok Total: 694;Dikirim dari Kota Tangerang;Magnet Tas
Overload Pompa Air 6A NIXI Seri 88 Circuit Breaker Sibel Fuse Skring Satelit dan Mesin Elektronik Kompresor Genset;Rp26.250;Rp35.000;25%;Stok Total: 14;Dikirim dari Kab. Tangerang;Relay
OBENG SET SERVICE HP ELEKTRONIK LAPTOP KAMERA TABLET SCREWDRIVER 115 - Black Gray;Rp112.000;N/A;N/A;Stok: Sisa 5;Dikirim dari Kota Semarang;Obeng
KLEM ACCU BESAR NAIGAI | MOBIL TRUK ELEKTRONIK;Rp50.000;N/A;N/A;Stok Total: Sisa 10;Dikirim dari Kota Bandung;Charger Aki Mobil
Mesin Tinju Elektronik JLD dengan Target Dinding dan 6 Lampu - Boxing Alat;Rp590.000;Rp1.180.000;50%;Stok Total: 1000;Dikirim dari Kota Administrasi Jakarta Barat;Samsak Tinju
Kap Lampu Ballast Elektronik 15watt / Kap Lampu TL 15watt+Kabel On Off - Kap Saja;Rp58.500;N/A;N/A;Stok: 9.982;Dikirim dari Kota Administrasi Jakarta Barat;Bohlam
Promo / Terlaris Benston Music- Piano Elektronik Multifungsi, Piano 61-Key, Piano Elektronik Profesional Rumah Pintar Terbaik - Kombinasi;Rp1.374.000;N/A;N/A;Stok: 295;Dikirim dari Jakarta Selatan;Piano
"Mainan Elektronik Edukasi Anak - MIDAN K5 - karaoke - Touch Screen 7"" - Bunny Blue";Rp799.000;N/A;N/A;Stok: 148;Dikirim dari Jakarta Barat;Mainan Karaoke Anak
Timah Solder Wire 0.8mm 100gram Tenol Elektronik Solder Tin 100G - 100Gram;Rp25.000;N/A;N/A;Stok: 506;Dikirim dari Jakarta Pusat;Timah Solder
Baterai Speaker /Mainan Anak Alat Elektronik Lainnya 2X 18650 2400mAh 7,4V SOKET HITAM 2 PIN;Rp41.000;Rp54.500;25%;Stok Total: 1681;Dikirim dari Kota Administrasi Jakarta Pusat;Part RC
Arieff Elektronik - Kit Modul Power Amplifier Mono Bluetooth Karaoke Rakitan 12 Volt 400W;Rp258.000;N/A;N/A;Stok Total: 4996;Dikirim dari Jakarta Utara;Amplifier
BUKU ELEKTRONIK Lean Learning: How to Achieve More by Learning Less;Rp25.920;Rp27.000;4%;Stok Total: 49;Dikirim dari Kota Administrasi Jakarta Selatan;Management & Business Book Import
USB Hub 4 Port Premium 1 Year Waranty Card Elektronik - Hitam;Rp49.900;N/A;N/A;Stok: 1.000;Dikirim dari Kab. Tangerang;USB Hub & Extension
SLOWSTART (INVERATOR) STARTING ELEKTRONIK ERKE 1500W AUTOMATIC ER-1500;Rp45.000;N/A;N/A;Stok Total: 93;Dikirim dari Kota Administrasi Jakarta Utara;Penghemat Listrik
BOX ELEKTRONIK X3 10X7X4 BOX PLASTIK X3;Rp7.500;N/A;N/A;Stok Total: 282;Dikirim dari Kab. Tangerang;Saklar
software aplikasi toko komputer handphone elektronik mainan & service;Rp150.000;N/A;N/A;Stok Total: 99;Dikirim dari Jakarta Pusat;Work Services
ORGAN ELEKTRONIK KEYBOARD PIANO MUSIK 49-KEYS VERSI INDONESIA T5000;Rp460.000;N/A;N/A;Stok Total: 25;Dikirim dari Kota Surabaya;Keyboard
RAGUM PCB - Penjepit Papan PCB Service Elektronik Mainboard Sub board Handphone Tablet portabel;Rp753.130;Rp768.500;2%;Stok Total: Sisa 5;Dikirim dari Kota Administrasi Jakarta Barat;Alat Penjepit
Holder AA x2 battery rumah plastik batery tempat baterai A2 2 kabel electronic Parts Komponen Elektronik aksesoris listrik Spare Part electronics;Rp1.600;N/A;N/A;Stok Total: 55039;Dikirim dari Kota Administrasi Jakarta Timur;Stop Kontak
NITECORE silicone grease for Flashlight  / pelumas senter elektronik Anti karat n korosi;Rp31.500;N/A;N/A;Stok Total: Sisa 7;Dikirim dari Kota Malang;Pelumas Kendaraan
Ballast Elektronik Philips / EBC Philips 36 Watt;Rp72.500;N/A;N/A;Stok Total: 39;Dikirim dari Kota Yogyakarta;Bohlam
Baterai 1.5V AAA A3 Dan AA A2 Untuk Mainan Remote Peralatan Elektronik - A3 kecil 1pc;Rp900;N/A;N/A;Stok: 55;Dikirim dari Kota Bekasi;Baterai
ROCKBROS 34210002 EH-2 Elektronik Horn Bell 120dB Bel Klakson Sepeda - Black;Rp50.300;N/A;N/A;Stok: 104;Dikirim dari Kab. Tangerang;Lampu Sepeda
PLASTIK MIKA WRAPPING 0,05 mm 0.05 mm (SOFA, KADO, ELEKTRONIK) 1 ROLL;Rp105.000;N/A;N/A;Stok Total: 903;Dikirim dari Kota Administrasi Jakarta Timur;Kertas Kado
Counter JDM11-6H AC 36V 5 Pin JDM11 6H 6 Digit Display Elektronik;Rp160.000;N/A;N/A;Stok Total: Sisa 3;Dikirim dari Kota Administrasi Jakarta Barat;Relay
balast elektronik osram,QUICKTRONIC INTELLIGENT,QTi 1x28/54 DIMM;Rp200.000;N/A;N/A;Stok Total: 30;Dikirim dari Kab. Bogor;Senter
Timbangan Badan Kaca Digital Elektronik Motif Kartun 180kg Cartoon Body Scale OLL-2125 - OLL-2125 / ALL Random;Rp49.000;Rp98.000;50%;Stok: 1.385;Dikirim dari Kab. Tangerang;Timbangan Badan
Obeng Set Service HP Elektronik Laptop Kamera Screwdriver 115 pcs;Rp85.000;N/A;N/A;Stok Total: 93;Dikirim dari Kota Bekasi;Obeng
DEXIN Kalkulator Elektronik Scientific Calculator - Black;Rp39.500;N/A;N/A;Stok: 29;Dikirim dari Kota Depok;Kalkulator Ilmiah
Emblem Logo SHARP for Barang Elektronik;Rp13.000;N/A;N/A;Stok Total: 13;Dikirim dari Jakarta Barat;Patch - Emblem
Baut Sekrup Tapping Elektronik M 4 Panjang 25 mm screw Paku Furniture;Rp240;N/A;N/A;Stok Total: 950;Dikirim dari Kota Depok;Skrup
Karpet Matras Alas Service HP Anti Panas Tatakan Service Elektronik;Rp51.000;N/A;N/A;Stok Total: 999;Dikirim dari Kab. Tangerang;Pemotong Styrofoam
GTE | Smart Book Bersuara | Buku Edukasi 3 Bahasa (Indonesia, Inggris, Mandarin) | Buku Pintar Bersuara | Buku Elektronik - E-poster gantung;Rp159.000;Rp300.000;47%;Stok: Sisa 1;Dikirim dari Kota Administrasi Jakarta Barat;Scrabbles
game console pop it elektrik electronic elektronik electric Fidget - BIRU;Rp37.000;N/A;N/A;Stok: 4.988;Dikirim dari Kota Administrasi Jakarta Utara;Fidget Spinner
Peluit Elektronik Peluit Elektrik Genggam Dengan Lanyard SOS Light;Rp199.000;N/A;N/A;Stok Total: 3996;Dikirim dari Jakarta Barat;Peluit
XL6009 step up boost converter modul elektronik pengatur tegangan DC;Rp16.500;N/A;N/A;Stok Total: Sisa 2;Dikirim dari Kab. Bekasi;Power Supply
Electrical tool kit set obeng rool Tas penyimpanan alat elektronik - Hitam;Rp49.999;N/A;N/A;Stok: 94;Dikirim dari Kota Bogor;Tool Kit Set
MEGACOOLS CONTACT CLEANER PEMBERSIH KOMPONEN ELEKTRONIK KOMPUTER 500ML;Rp41.000;N/A;N/A;Stok Total: 99994;Dikirim dari Jakarta Barat;Contact Cleaner
Power Plug Socket Holder papan Colokan Stop Kontak Elektronik tempel;Rp3.835;N/A;N/A;Stok Total: 83;Dikirim dari Kota Surabaya;Stop Kontak
Pinset isi 6 pcs anti static tidak merusak komponen elektronik dan alat lab stainless ujung bentuk macem macem ukuran 20 - 140 mm sesuai gambar;Rp42.465;N/A;N/A;Stok Total: 473;Dikirim dari Kota Semarang;Pinset
Baterai Bel Rumah Lithium CR2032 Remote Sensor Elektronik Jam;Rp7.500;N/A;N/A;Stok Total: 49;Dikirim dari Kab. Bekasi;Baterai
Promo Alat Hitung Digital Tasbih Digital Elektronik Jari Counter Mini - Merah, Satuan;Rp5.500;N/A;N/A;Stok: 150;Dikirim dari Kota Depok;Tasbih
Buku Intellegence Y Books, Buku Edukasi Elektronik;Rp155.000;N/A;N/A;Stok Total: 18;Dikirim dari Jakarta Utara;Buku Keterampilan Anak
lakoni pro kunci L mini 7pcs - kunci L elektronik - hex key electronic;Rp17.000;N/A;N/A;Stok Total: 93;Dikirim dari Kota Administrasi Jakarta Barat;Kunci L
AQUA Elektronik Mesin Cuci 1 Tabung 8KG AQW-89DD;Rp2.499.000;Rp3.049.000;18%;Stok Total: Sisa 10;Dikirim dari Kota Administrasi Jakarta Utara;Mesin Cuci
Pet Kingdom Levoit 52 M2 Air Purifier Vital 100S Penjernih Udara Alat Penyaring Pembersih Udara Elektronik Rumah Tangga Air Cleaner;Rp2.899.000;Rp4.500.000;36%;Stok Total: Sisa 2;Dikirim dari Kota Administrasi Jakarta Selatan;Humidifier
REXCO Contact Cleaner 18 500ML/ Pembersih Elektronik;Rp43.000;N/A;N/A;Stok Total: Sisa 4;Dikirim dari Kota Bandung;Contact Cleaner
"Bracket TV Standing NORTH BAYOU NB AVA1500 / AVA 1500 60 1P 32"" - 70"" Elektronik";Rp1.429.000;N/A;N/A;Stok Total: Sisa 6;Dikirim dari Kota Makassar;Reader RFID
Box Komponen - Box Rakit Elektronik - Box X1 Lubang - Box X1 Lubang;Rp3.000;N/A;N/A;Stok: 9.997;Dikirim dari Kota Administrasi Jakarta Barat;Kotak
Dart Board elektronik papan dart dengan layar pembaca lempar panah;Rp569.000;N/A;N/A;Stok Total: Sisa 2;Dikirim dari Kota Bekasi;Party Games
Elektronik Repair mat Magnetic / Working Mat Alas Kerja Soldering Mats Pad Heat Resistant / Alas Handphone Repair - 30 x 20 cm;Rp35.000;N/A;N/A;Stok: Sisa 1;Dikirim dari Kota Makassar;Cutting Mat
Tekiro Kunci L Set Elektronik 7 Pcs Inch Mili Hex Key Electro Termurah - Inci;Rp23.500;N/A;N/A;Stok: 556;Dikirim dari Kota Administrasi Jakarta Barat;Kunci L
Tang Lancip Flat Elektronik TEKIRO kecil 5 inch PL-EF1452;Rp51.000;N/A;N/A;Stok Total: Sisa 5;Dikirim dari Kota Administrasi Jakarta Pusat;Tang
BATERAI ELEKTRONIK 402040 UKURAN 20mm x 40mm SOKET BATTERY UNIVERSAL;Rp30.000;N/A;N/A;Stok Total: 99971;Dikirim dari Kota Administrasi Jakarta Barat;Portable Power Bank
WD 40 contact cleaner 360ml cairan pembersih elektronik;Rp102.000;N/A;N/A;Stok Total: Sisa 1;Dikirim dari Kota Bekasi;Contact Cleaner
TEKIRO KUNCI SET ELEKTRONIK 7 PCS MM - KUNCI L MINI TEKIRO SIZE MM;Rp29.588;N/A;N/A;Stok Total: 9996;Dikirim dari Kota Depok;Kunci L
148 183 217 timah solder pasta timah cair soldering elektronik - 217° high temp;Rp35.000;N/A;N/A;Stok: Sisa 5;Dikirim dari Kab. Bekasi;Pasta Solder
Tinol Tenol Kawat Timah Solder Penyambung Komponen Elektronik PCB 4.0 MM - 0.4mm;Rp20.191;Rp20.350;1%;Stok: 81;Dikirim dari Kota Administrasi Jakarta Pusat;Timah Solder
POP IT ELEKTRONIK Mainan Edukasi Anak Squishy Viral Push Bubble Game Pop It Nyala Musik Light LED Fidget Pop It Elektrik Quick - Mini Mario Red;Rp8.990;Rp20.000;55%;Stok: 9.999;Dikirim dari Kota Surabaya;Squishy
tool kit set 14 pcs SANDS 1 set alat service elektronik 14 pcs SANDS;Rp235.000;N/A;N/A;Stok Total: 100;Dikirim dari Jakarta Utara;Tool Kit Set
Jangka Sorong Digital Elektronik Stainless Digital Caliper 150mm 6inch - Analog Manual;Rp55.100;N/A;N/A;Stok: Sisa 7;Dikirim dari Kota Administrasi Jakarta Utara;Pengukur Dimensi
TaffSTUDIO Mixer Bluetooth V8S Audio USB External Soundcard Live Broadcast Microphone Headset V8S Card Elektronik Laptop Metal;Rp99.900;N/A;N/A;Stok Total: Sisa 6;Dikirim dari Kota Surabaya;Sound Card
Jam Tangan Elektronik LED Anak Superhero / Jam Tangan Anak - Hitam;Rp29.000;Rp49.000;41%;Stok: Sisa 6;Dikirim dari Kota Administrasi Jakarta Utara;Jam Tangan Digital Anak
HT3163 ESOP-10 - Komponen Elektronik;Rp24.000;N/A;N/A;Stok Total: 99985;Dikirim dari Kota Tangerang Selatan;Lainnya
Fly Kipas 360º Pengusir Lalat Serangga Nyamuk Elektronik Repellent Fan;Rp46.999;N/A;N/A;Stok Total: 2611;Dikirim dari Jakarta Utara;Pest Control
Baterai Vacum / Speaker Dan alat elektronik Lainnya 3X 18650 4000mAh 3,7V SOKET JST XH & PH 2.0 2 PIN;Rp84.000;Rp135.500;38%;Stok Total: 996;Dikirim dari Kota Administrasi Jakarta Pusat;Baterai
box logam plat besi lapis zinc kotak casing elektronik;Rp4.500;N/A;N/A;Stok Total: 28;Dikirim dari Kota Bandung;Anti Petir
Baut Kepala Obeng Gepeng m 3 X 15 mm Baut Elektronik Skrup Furniture;Rp170;N/A;N/A;Stok Total: 950;Dikirim dari Kota Depok;Baut
Kaos Band Musik Elektronik MASSIVE ATTACK Vintage - M;Rp99.999;N/A;N/A;Stok: Sisa 1;Dikirim dari Kota Semarang;Kaos Pria
Landstro Electronic Dartboard/Dart Board elektronik papan panah;Rp599.000;N/A;N/A;Stok Total: 99;Dikirim dari Kota Depok;Party Games
15PCS / Set Set Besi Solder Portabel 60W 220V Set Besi Setrika Elektronik 200-450  C Besi Solder Suhu yang Dapat Disesuaikan - 60W;Rp117.000;Rp234.000;50%;Stok: 981;Dikirim dari Kab. Tangerang;Soldering Kit
Keyboard Piano Elektronik Digital 61 Tuts Dengan Mikrofon - Black;Rp738.500;N/A;N/A;Stok: 15;Dikirim dari Jakarta Barat;Piano Elektrik
Toumapet Tamagotchi Virtual Pet Elektronik Berwarna ada Fitur Camera Mainan Hewan Peliharaan - Pink;Rp395.000;Rp500.000;21%;Stok: 20;Dikirim dari Kota Administrasi Jakarta Barat;Buku Robotika
Sesuai untuk(RealMe C17)kasus telepon,Komponen elektronik,bahan kaca tempered, anti drop, anti slip, wear-resistant - 1, Kesing RealMe C17;Rp58.000;N/A;N/A;Stok: 9.799;Dikirim dari Kab. Tangerang;Screen Protector Handphone
AQUA Elektronik Turbo Cool Air Conditioner AC 1/2PK AQA-KCR5AHQ1 - AQA-KCR5FQDL;Rp4.305.000;N/A;N/A;Stok: 100;Dikirim dari Kota Administrasi Jakarta Utara;Air Conditioner
tang potong kabel elektronik viper cutting plier;Rp18.500;N/A;N/A;Stok Total: 513;Dikirim dari Jakarta Barat;Tang Potong
Mosfet IRFB23N20D Spare Part Elektronik Asli Komponen ORI 24A 200V;Rp35.000;N/A;N/A;Stok Total: Sisa 2;Dikirim dari Kota Administrasi Jakarta Barat;Buku Elektro
TOMBOL SMD SWITCH KOMPONEN ELEKTRONIK - TYPE 2;Rp3.000;N/A;N/A;Stok: 996;Dikirim dari Jakarta Utara;Lainnya
Roca kran sensor wastafel elektronik M3 ex spanyol garansi 5 thn;Rp7.089.000;N/A;N/A;Stok Total: 343;Dikirim dari Jakarta Timur;Washtafel
Jam Tangan Elektronik LED Sanrio / Jam Tangan Anak - Biru Muda;Rp29.000;Rp49.000;41%;Stok: Sisa 4;Dikirim dari Kota Administrasi Jakarta Utara;Jam Tangan Digital Anak
SENSOR TYPE 4 KOMPONEN ELEKTRONIK;Rp20.000;N/A;N/A;Stok Total: 4966;Dikirim dari Jakarta Utara;Lainnya
Cr1225 3V Dip2 Battery - Komponen Elektronik;Rp21.000;N/A;N/A;Stok Total: 100000;Dikirim dari Kota Tangerang Selatan;Hand Blower
Travel Pouch Size L Tas Kosmetik Elektronik Alat Mandi Multifungsi;Rp40.000;N/A;N/A;Stok Total: Sisa 3;Dikirim dari Kota Bogor;Tas Gunung
ONGKOS KIRIM KURIR TOKO WIJAYA ELEKTRONIK BOGOR;Rp150.000;N/A;N/A;Stok Total: 71;Dikirim dari Kota Tangerang Selatan;Kertas Surat
Pinset isi 6 pcs anti static tidak merusak komponen elektronik dan alat lab stainless ujung bentuk macem  ukuran 20 - 140 mm sesuai gambar;Rp28.500;N/A;N/A;Stok Total: 472;Dikirim dari Kota Tangerang Selatan;Pinset
SET OBENG MINI SERVIS ELEKTRIK REPARASI ELEKTRONIK JAM TANGAN KACAMATA HP LAPTOP PORTABLE;Rp359.999;N/A;N/A;Stok Total: 513;Dikirim dari Kota Administrasi Jakarta Barat;Obeng
"LAKONI Electronic Long Nose Pliers/Tang Lancip Elektronik 5""/125mm";Rp40.000;N/A;N/A;Stok Total: Sisa 6;Dikirim dari Kota Depok;Tang
Kamus Elektronik BESTA ALL PASS -S1, Preloved;Rp450.000;N/A;N/A;Stok Total: Sisa 1;Dikirim dari Kota Batam;Kamus Elektronik
Adaptor Switching Power Supply 9V 2A Jack Cabang 2 untuk Perangkat Elektronik;Rp32.000;N/A;N/A;Stok Total: 93;Dikirim dari Kota Surabaya;Charger Handphone
sparepart elektronik ic AN5270;Rp17.500;N/A;N/A;Stok Total: 98;Dikirim dari Jakarta Barat;Lainnya
contact cleaner/penetran oil/electrical/perawatan elektronik/pelumas;Rp35.000;N/A;N/A;Stok Total: 148;Dikirim dari Kab. Bekasi;Pelumas Kendaraan
kalkulator ESA-402/KALKULATOR KECIL/KALKULATOR SIMPLE/calkulator batrey biasa /calkulator saku/ Elektronik;Rp12.500;N/A;N/A;Stok Total: 93;Dikirim dari Kota Malang;Kalkulator
FEYTH FPD 011 Electric Drum Kit With New Pedals / FPD011 / Elektronik DrumKit Portable Pedal Baru - Paket Lengkap;Rp4.580.000;N/A;N/A;Stok: 99;Dikirim dari Kota Bekasi;Drum Elektrik
PACKING KAYU - PARLET - ELEKTRONIK;Rp100.000;N/A;N/A;Stok Total: 99999;Dikirim dari Kota Administrasi Jakarta Barat;Kayu
BTA16-600 BTA16-600D BTA16600 BTA16 600 TRIAC 40A 600V TO-220 Komponen Elektronik - BTA10-600;Rp5.500;N/A;N/A;Stok: 94;Dikirim dari Kota Depok;Relay
Keyboard Musik 61 Keys Profesional Mainan Piano Anak Bayi 3 6 12 Tahun Elektronik Mic Charger Gitar Organ Belajar Multifungsi - piano elektronik;Rp169.900;Rp509.700;67%;Stok: 1.028;Dikirim dari Kota Tangerang;Piano Anak
MULTI METER DIGITAL DT-830B AVO METER TESTER ALAT UKUR ELEKTRONIK AVOMETER MULTITESTER MULTIMETER;Rp34.000;N/A;N/A;Stok Total: 9980;Dikirim dari Kota Pekanbaru;Pengukur Arus Listrik
korek pulsa elektronik/korek api elektronik/korek api elektronik tahan angin - 1;Rp30.000;N/A;N/A;Stok: 16;Dikirim dari Jakarta Utara;Korek Api
Kris 2.5 ltr Humidifier Digital Alat Pengatur Kelembapan Udara Mesin Peningkat Kelembaban Elektronik Rumah Tangga;Rp488.000;N/A;N/A;Stok Total: 18;Dikirim dari Kota Bekasi;Diffuser & Humidifier Listrik
Baterai Kotak 9V 6F22 Seng Karbon Extra Heavy Duty Untuk Elektronik;Rp5.460;N/A;N/A;Stok Total: Sisa 1;Dikirim dari Kota Pekanbaru;Baterai
UC3842 UC3843 UC3845 UC3842A UC3843A UC3845A UC DIP-8 Komponen Elektronik - UC3845 DIP-8;Rp5.000;N/A;N/A;Stok: Sisa 1;Dikirim dari Kota Depok;Komponen Listrik
EELIC KUL-8IN1 Kunci L Hexagonal 8IN1 Digunakan Untuk Tukang Servis Motor, Mesin, Elektronik, DLL;Rp7.500;N/A;N/A;Stok Total: 499;Dikirim dari Kota Surabaya;Kunci Inggris
LAP FURNITURE ALAT ELEKTRONIK KOMPUTER LAPTOP MIKROFIBER SCOTCH BRITE;Rp36.300;N/A;N/A;Stok Total: 589;Dikirim dari Kota Bandung;Kain Lap
SL99 Contact Cleaner 220gr Pembersih Komponen Elektronik Non Conductiv;Rp39.000;Rp80.000;51%;Stok Total: 477;Dikirim dari Kota Administrasi Jakarta Timur;Contact Cleaner
Mosfet K2717 Spare Part Elektronik ORI Komponen Elektronik 5A 900V;Rp30.000;N/A;N/A;Stok Total: Sisa 4;Dikirim dari Kota Administrasi Jakarta Barat;Buku Elektro
Mainan Mini Rhythm Game Machine Pop It Elektronik Elektrik Digital Tekan Pencet Tombol Ritme Kecepatan Musik Cahaya - Merah;Rp74.500;N/A;N/A;Stok: 99;Dikirim dari Kota Administrasi Jakarta Pusat;Alat Perkusi Orkestra
Kabel Power 2 lobang untuk printer, elektronik warna hitam, 1,8 meter;Rp10.000;N/A;N/A;Stok Total: 39;Dikirim dari Jakarta Pusat;Kabel Power CPU
Cleaning Pen Pena Pembersih untuk TWS & Perangkat Elektronik universal - Black;Rp19.900;Rp59.000;66%;Stok: 672;Dikirim dari Kota Administrasi Jakarta Pusat;Lainnya
Lcd Timbangan Elektronik Cas Sw-1a;Rp520.000;N/A;N/A;Stok Total: Sisa 2;Dikirim dari Jakarta Selatan;Pengukur Berat
Timbangan Elektronik Timbangan Badan Digital 180 kg - Abu-abu;Rp39.500;N/A;N/A;Stok: Sisa 6;Dikirim dari Kab. Tangerang;Timbangan Badan
BASID 2405 Jam Tangan Olahraga Pria Multifungsi Dial Besar Tahan Air Analog-Digital Elektronik LED Tahan Guncangan - Blue;Rp157.900;N/A;N/A;Stok: 130;Dikirim dari Kab. Tangerang;Jam Tangan Digital Pria
Power Supply Switching 12V 13A 150W Adaptor AC-DC PSU SMPS 12V DC 13A Elektronik;Rp125.400;N/A;N/A;Stok Total: 50;Dikirim dari Kota Bekasi;Internal Power Supply
Mainan Finger Games Dance Machine Pop It Elektronik Rhythm Game Mainan Melatih Fokus Anti Stress - CAPTAIN FINGER;Rp36.990;N/A;N/A;Stok: 1.000;Dikirim dari Kota Administrasi Jakarta Utara;Family & Kids Games
Relay 801H-1C-12V10A-250VAC Spare Part Elektronik ORI Komponen Elektro;Rp28.000;N/A;N/A;Stok Total: Sisa 10;Dikirim dari Kota Administrasi Jakarta Barat;Relay
Pembersih printer cairan biru glowing pembersih barang elektronik 5 liter;Rp99.999;Rp150.000;33%;Stok Total: Sisa 4;Dikirim dari Kota Administrasi Jakarta Pusat;Contact Cleaner
Kamera Elektronik Microscope RELIFE M-16 HDMI HD 4K Original;Rp2.050.000;Rp2.150.000;5%;Stok Total: Sisa 5;Dikirim dari Kota Administrasi Jakarta Barat;Android OS
Box plastik X 3 , Box Elektronik X 3 10 X 7 X 4 CM;Rp5.000;N/A;N/A;Stok Total: 9837;Dikirim dari Kota Administrasi Jakarta Barat;Kunci Shock
POP IT LED ELEKTRONIK Mainan Edukasi Anak Squishy Viral Push Bubble Game - KUROMI;Rp60.000;N/A;N/A;Stok: 18;Dikirim dari Kota Medan;Board Game Accessories
AQUA Elektronik LE32AQT9200M Digital TV 32 Inch HD - AQT32K70M;Rp1.070.000;N/A;N/A;Stok Total: Sisa 1;Dikirim dari Kab. Demak;Televisi
Masticati Electric Slow Juicer Pro Cold Press Extractor Elektronik - WHITE;Rp1.469.000;N/A;N/A;Stok: 88;Dikirim dari Jakarta Utara;Juicer
Ballast Electronic / Elektronik Ballast / Trafo ET-E 10 Watt Philips;Rp47.500;N/A;N/A;Stok Total: 100000;Dikirim dari Kota Administrasi Jakarta Pusat;Bohlam
Light Box Display Frame Poster LED Slim Round Edge EU Plug 40x60cm Iklan Poster Cafe Resto Toko Elektronik;Rp375.000;N/A;N/A;Stok Total: Sisa 3;Dikirim dari Kota Bandung;Frame Digital
Terlaris! Kamus Elektronik 3 Bahasa Alfalink(Indonesia,Inggris,Arab);Rp3.266.000;N/A;N/A;Stok Total: 100000;Dikirim dari Kota Tangerang;Kamus Elektronik
Universal Travel Adaptor Colokan Steker Listrik International plug set saklar stop kontak elektronik Umroh Mudik Traveling Luar Negri;Rp21.854;N/A;N/A;Stok Total: 29;Dikirim dari Kota Surabaya;Steker
ALFALINK EI-212 - Kamus Elektronik #Best Product & High Quality;Rp154.700;N/A;N/A;Stok Total: Sisa 1;Dikirim dari Jakarta Barat;Buku Persiapan TPA & Psikotest
SOLDER Elektronik 60W taffware;Rp48.910;Rp54.600;10%;Stok Total: 897;Dikirim dari Kota Administrasi Jakarta Selatan;Solder
Tenwin Set Rautan Pensil Elektrik Penghapus Elektronik Set Penyedot - Set Merah Muda;Rp285.000;N/A;N/A;Stok: 41;Dikirim dari Kota Administrasi Jakarta Barat;Rautan
Koi Fish - Uang Elektronik Kartu Flazz BCA Gen 2/ Emoney Mandiri - Flazz 1 Sisi;Rp138.000;N/A;N/A;Stok: 83;Dikirim dari Kota Administrasi Jakarta Barat;App Gift Card Fisik
capit buaya kecil ( jepit aki elektronik ) harga per set;Rp1.900;N/A;N/A;Stok Total: 99999;Dikirim dari Kota Semarang;Capit Makanan
Box X6 X 6 Hitam Kotak panel Mikrotik Plastik Project Elektronik TP;Rp16.900;N/A;N/A;Stok Total: 926;Dikirim dari Kota Medan;Kunci Shock
box plastik DIY project elektronik box pcb case enlcosure ABS - B. 158x90x60mm;Rp20.000;N/A;N/A;Stok: 998;Dikirim dari Kab. Sleman;Storage Box Multifungsi
Baterai Speaker/ RC & Elektronik Li-ion polimer 3.7V 10000mAh Socket Hitam JST PH2.0 XH2.54 2 PIN 1S2P - Socket Hitam;Rp75.000;N/A;N/A;Stok: 22;Dikirim dari Kab. Purworejo;Baterai
MOTOR MOBIL ATV MINI ELEKTRONIK AKI 36 VOLT ANAK DEWASA TOURING 50CC;Rp900.000;N/A;N/A;Stok Total: Sisa 1;Dikirim dari Kota Administrasi Jakarta Pusat;Charger Aki Mobil
LIGE  Baru pria Digital  Stainless Watch Dual Display Square Dial Elektronik Jam Tangan Tahan Air Bercahaya Jam Tangan Gift - hitam;Rp110.000;Rp299.000;63%;Stok: Sisa 8;Dikirim dari Kota Administrasi Jakarta Barat;Jam Tangan Digital Pria
Terima Service/Perbaikan Alat Elektronik Rumah Tangga;Rp35.000;N/A;N/A;Stok Total: Sisa 5;Dikirim dari Kota Administrasi Jakarta Pusat;Tool Kit Set
Kool Jam Digital Led Elektronik 3 In 1 12v 5-20v Untuk Mobil;Rp121.900;N/A;N/A;Stok Total: 994;Dikirim dari Kota Administrasi Jakarta Barat;Timer Masak
KWH CIC DDS977 5(30)A single phase kwh elektronik meter analog;Rp335.000;N/A;N/A;Stok Total: Sisa 1;Dikirim dari Kota Administrasi Jakarta Barat;Komponen Listrik
Timbangan Gantung 50KG Weiheng wh-a08 Digital Elektronik Portable;Rp23.500;N/A;N/A;Stok Total: 89283;Dikirim dari Kota Administrasi Jakarta Utara;Pengukur Berat
( 1 pcs ) TEKNOX Baterai Alkaline AAAA / A4 / E96 / LR61 - Batre Stylus Elektronik dan Medis;Rp20.000;N/A;N/A;Stok Total: 367;Dikirim dari Jakarta Barat;Baterai
Timbangan digital elektronik 30 kg - timbangan buah, daging dan sayur, akurat dan praktis - 30kg/1g;Rp170.648;Rp284.413;40%;Stok: Habis;Dikirim dari Kab. Tangerang;Sendok Takar
Lakban Elektronik Tahan Panas Tape Perekat Elektrik Heat Resistant Polyimide High Temperature Adhesive - Coklat;Rp4.800;N/A;N/A;Stok: 250;Dikirim dari Kota Surabaya;Lem Pipa
Tabung Vakum Elektronik Valve Art EL34 B – Harga per buah;Rp410.000;N/A;N/A;Stok Total: Sisa 1;Dikirim dari Kota Bandung;Amplifier
Saklar tipis saklar 2 pin elektronik on off gepeng pipih 200 Pcs;Rp200.000;N/A;N/A;Stok Total: 88;Dikirim dari Jakarta Barat;Saklar
KABEL SOCKET JST XH2.54MM CONNECTOR 3 PIN 20CM Elektronik;Rp3.000;N/A;N/A;Stok Total: 76;Dikirim dari Kab. Bogor;Kabel & Konektor Audio
1 Pasang（2pcs+2base)Lilin Led Elektronik/Lampu Elektrik Lilin - Putih;Rp36.000;N/A;N/A;Stok: 555;Dikirim dari Kab. Tangerang;Lilin
Ballast travo TL elektronik EBC 136 36w 36 watt EP philips;Rp61.200;N/A;N/A;Stok Total: 9579;Dikirim dari Kota Administrasi Jakarta Pusat;Fitting Lampu
BOX X4 Hitam Project Elektronik Kotak Modem Mifi Outdoor ada Baut - Box + Baut;Rp9.800;N/A;N/A;Stok: 34;Dikirim dari Kota Tangerang Selatan;Modem Wifi
Saklar switch tekan on off BA-03-16R relay rangkaian elektronik 16mm - Merah;Rp6.000;N/A;N/A;Stok: 99,9 rb;Dikirim dari Kota Depok;Kotak Kartu Nama
balast elektronik EB-C 1x14w t5 philipsq 220-240v/50-60hz;Rp45.000;N/A;N/A;Stok Total: 95;Dikirim dari Kota Administrasi Jakarta Barat;Rice Cooker
Suka Elektronik Remot Remote Tv Sakura Weyon Animax Digital Led Tv;Rp45.000;N/A;N/A;Stok Total: 228;Dikirim dari Kota Surakarta;Remote TV
JOYBOX DOLL HEART BEAT DOLL DETAK JANTUNG BONEKA ELEKTRONIK;Rp70.000;N/A;N/A;Stok Total: 37;Dikirim dari Kota Tangerang;Boneka Karakter
Thermometer Crown Babycare Digital Pengukur Suhu Temperatur Tubuh Elektronik CR1938 playboy - THERMO CROWN;Rp53.900;Rp100.000;46%;Stok: Habis;Dikirim dari Kota Depok;Termometer
Sensor Cahaya Otomatis Jakman 6A/10A dengan Komponen Elektronik dan Relai Eksekutif   Lampu Merah - 6 AC;Rp38.000;Rp40.000;5%;Stok: 100;Dikirim dari Kota Surabaya;Fitting Lampu
Kalkulator Hosanna 14DIGIT /  Kalkulator HS-868L / CHECK & CORRECT Hitam Elektronik;Rp57.000;N/A;N/A;Stok Total: 105;Dikirim dari Kota Surabaya;Kalkulator
KOTA BATAM - Timbangan Koper Electronic Elektronik Luggage Scale  Gantung Digital Silver Maksimal 50 KG Timbangan Portable;Rp75.000;N/A;N/A;Stok Total: Sisa 2;Dikirim dari Kota Batam;Pengukur Berat
MKP62 305 X2 225K - MKP62 305V X2 2.2uF 10% DIP2 - Komponen Elektronik;Rp58.000;N/A;N/A;Stok Total: 100000;Dikirim dari Kota Tangerang Selatan;Lainnya
Kartu Flazz Gen 2 Uang Elektronik - North Sumatran Owl Edition E-Payment Card;Rp135.000;N/A;N/A;Stok Total: Sisa 3;Dikirim dari Kota Administrasi Jakarta Selatan;Tongkat E-Toll
kabel merah hitam  serabut 2 jalur 2x10  aksesoris  elektronik  otomotif  listrik - 5 meter;Rp12.500;N/A;N/A;Stok: 9.920;Dikirim dari Kab. Ponorogo;Kabel Roll
Kantong Plastik Anti Static Pelindung Alat Elektronik 25 X 18Cm;Rp5.000;N/A;N/A;Stok Total: 98;Dikirim dari Kota Administrasi Jakarta Selatan;Miniatur & Karikatur
Pembersih komponen elektronik contact cleaner rexco18 rexco 18 500 ML;Rp48.312;N/A;N/A;Stok Total: 2948;Dikirim dari Kota Administrasi Jakarta Barat;Pembersih Toilet
BALLAST ELEKTRIK / ELEKTRONIK 20W 20 WATT - 40W 40 WATT BAGUS - BALLAST 20W-40W;Rp17.500;N/A;N/A;Stok: 810;Dikirim dari Kota Administrasi Jakarta Utara;Penghemat Listrik
BOX HITAM X7 Model Slim Elektronik Ukuran 12.5CM x 8.5CM x 2CM;Rp6.900;N/A;N/A;Stok Total: 14;Dikirim dari Kab. Bekasi;Kotak Karton
Sesuai untuk(Redmi 10c)kasus telepon,Komponen elektronik,bahan kaca tempered, anti drop, anti slip, wear-resistant - 1, Redmi 10c;Rp58.000;N/A;N/A;Stok: 9.797;Dikirim dari Kab. Tangerang;Screen Protector Handphone
Box Elektronik Plastik Hitam 118mmX58mmX42mm Box Elektronik Serbaguna;Rp9.000;N/A;N/A;Stok Total: Sisa 4;Dikirim dari Jakarta Selatan;Tool Kit Set
Contact cleaner pembersih elektronik dan elektrik REXCO 18 500ML;Rp46.000;N/A;N/A;Stok Total: 243;Dikirim dari Kota Tangerang;Contact Cleaner
DKJ-Y 30 & 60 menit Delay timer switch untuk microwave oven elektronik - 60 menit;Rp78.900;N/A;N/A;Stok: 499;Dikirim dari Kota Administrasi Jakarta Utara;Timer Masak
Obeng Set Multi 31 in 1 Screwdriver Handphone Elektronik HP Laptop;Rp16.000;N/A;N/A;Stok Total: Sisa 2;Dikirim dari Kota Semarang;Obeng
Gulungan Kabel Tempel Serbaguna Holder Klip untuk Segala Macam Barang Elektronik - Panjang 10,3cm - Gantungan;Rp3.000;N/A;N/A;Stok Total: 970;Dikirim dari Kota Surabaya;Cord Holder
THERMALRIGHT TL-B12 W WHITE High Static Pressure 120mm PWM Fan Elektronik - Warna;Rp252.351;N/A;N/A;Stok: 22;Dikirim dari Kota Surabaya;Internal Fan & Cooler
THERMALRIGHT TL-C12W-S X3 ARGB WHITE TRIPLE SET 120mm PWM Fan Elektronik Led - Warna;Rp630.432;N/A;N/A;Stok: 16;Dikirim dari Kota Surabaya;Internal Fan & Cooler
Buzzer Alarm Desibel 95 Desibel Tinggi DC 3-24 Volt 12 Volt Alarm Bel Elektronik Mobil Truk Alarm Terus Menerus Intermiten Umum;Rp7.000;N/A;N/A;Stok Total: 88;Dikirim dari Kota Administrasi Jakarta Barat;Alarm
Spanduk / Banner Servis TV, servis elektronik ukuran 1,6 x 0,6 meter;Rp35.000;N/A;N/A;Stok Total: 91;Dikirim dari Kab. Bandung;Banner
TANG POTONG PLATO TANG KAWAT KABEL KAWAT GUNTING ELEKTRONIK SERBAGUNA;Rp9.500;N/A;N/A;Stok Total: 20;Dikirim dari Kab. Bekasi;Tang Potong
Rexco 18 (Isi 220 ml) / Pembersih Komponen Elektronik /Contact Cleaner;Rp26.900;N/A;N/A;Stok Total: 1918;Dikirim dari Kab. Tangerang;Contact Cleaner
MIRACLE WIPES TISU BASAH PEMBERSIH ELEKTRONIK 30PCS WIPES F/ELECTRONIC;Rp179.900;N/A;N/A;Stok Total: 977;Dikirim dari Kota Bandung;Lainnya
Ataru True Wireless Bluetooth Earphone Tws T37 - Hitam alat pengeras suara portable perlengkapan elektronik speaker nirkabelheadset;Rp149.900;Rp349.900;57%;Stok Total: Sisa 4;Dikirim dari Kota Administrasi Jakarta Barat;Speaker
Xiaomi Miiiw Kalkulator Elektronik Mini Portable;Rp498.000;N/A;N/A;Stok Total: 100000;Dikirim dari Kota Medan;Kalkulator
Tap cash BNI, Saldo elektronik BNI TAP CASH MONEY;Rp33.999;N/A;N/A;Stok Total: Sisa 1;Dikirim dari Kota Tangerang;Hadiah Custom
Sekring Tancap Mini 10A & 15A (100pcs/pack) - Fuse Mikro Motor/Mobil/Elektronik, Anti Overload dengan Kode Warna Biru-Merah - 10A(Merah);Rp23.900;Rp49.000;51%;Stok: 2.129;Dikirim dari Kab. Bogor;ECU & Kelistrikan Motor
BALLAST EL-B 2X18 TL-D 220V-240V PHILIPS / Ballast elektronik philips;Rp114.000;N/A;N/A;Stok Total: 90;Dikirim dari Jakarta Barat;Komponen Listrik
Jam Digital mobil Mini jam elektronik termometer waktu;Rp55.000;N/A;N/A;Stok Total: 296;Dikirim dari Jakarta Utara;Jam Meja
E-Book 4 in 1 - Buku Pintar Elektronik Dual Power Tanpa Baterai;Rp67.500;N/A;N/A;Stok Total: 9996;Dikirim dari Jakarta Barat;Buku Aktivitas
EXTRA BUBBLE WRAP UNTUK SAFETY PACKING ANTI PENYOK/LECET ELEKTRONIK;Rp2.000;N/A;N/A;Stok Total: 1901;Dikirim dari Jakarta Barat;Bubble Wrap
Baterai Speaker Dan Baterai Alat Elektronik Lainnya 8X 18650 9800mAh 14,8V SOKET MOLEX VH 2 PIN;Rp141.000;Rp185.000;24%;Stok Total: 1895;Dikirim dari Kota Administrasi Jakarta Pusat;Speaker
LuxeBag Jam Tangan Elektronik Jam Tangan Boneka Bulat Jam Tangan Anak Anak Tahan Air JT061 - HITAM MICKEY;Rp8.300;N/A;N/A;Stok: 122;Dikirim dari Kab. Tangerang;Jam Tangan Analog Anak
Komponen Elektronik Gitar Yamaha Silent ORIGINAL - STOK TERBATAS;Rp909.000;N/A;N/A;Stok Total: Sisa 3;Dikirim dari Jakarta Selatan;Gitar Akustik
sparepart elektronik ic AN17810A;Rp30.000;N/A;N/A;Stok Total: 149;Dikirim dari Jakarta Barat;Lainnya
INTEGRATED CIRCUIT A7860N - HCPL-7860N SOP8 SIRKUIT ELEKTRONIK TERPADU;Rp16.000;N/A;N/A;Stok Total: 100000;Dikirim dari Kota Tangerang Selatan;Relay
GIENKA.ID GI4.3 Jam Tangan Anak Elektronik LED Digital Display Motif Karakter Kartun Fashion - glumy abu2;Rp10.000;N/A;N/A;Stok: 936;Dikirim dari Kab. Sidoarjo;Jam Tangan Digital Anak
Jam Digital LCD Sangat Tipis dengan Kalendar Elektronik untuk Mobil;Rp99.900;N/A;N/A;Stok Total: 298;Dikirim dari Jakarta Pusat;Video TV Mobil
Alat Hitung Digital LED Tasbih Jari Counter Tally Tasbeh Ibadah Mini Import Murah Elektronik Mini Muslim Cantik;Rp3.000;Rp3.500;14%;Stok Total: 1397;Dikirim dari Kota Administrasi Jakarta Pusat;Tasbih
Baterai Speker Dan Baterai Alat Elektronik Lainnya 2X 14500 3000mAh 3,7V BMS 1S 6A SOKET JST PH 2.0;Rp47.500;Rp49.500;4%;Stok Total: 1996;Dikirim dari Kota Administrasi Jakarta Pusat;Power Supply
sparepart elektronik icAN5551;Rp15.000;N/A;N/A;Stok Total: 150;Dikirim dari Jakarta Barat;Lainnya
Tabung Vakum Elektronik MULLARD Reisssue 12AX7 / ECC83 Long Plate;Rp2.688.000;N/A;N/A;Stok Total: Sisa 2;Dikirim dari Kota Bandung;Voice Recorder
Set Kunci L TEKIRO Elektronik 7 pcs SAE;Rp24.100;N/A;N/A;Stok Total: 94;Dikirim dari Kota Tangerang;Kunci L
Ballast Electronic / Elektronik Ballast / Trafo ET-E 10 Watt Philips;Rp50.825;Rp53.500;5%;Stok Total: 100;Dikirim dari Kota Bandung;Komponen Listrik
Obeng Set 16 in 1 - Obeng HP Elektronik Electronic - Ujung Obeng ada Magnetnya;Rp11.908;N/A;N/A;Stok Total: 8894;Dikirim dari Kota Serang;Obeng
Kabel Ekstensi 30 Meter 1.5mm - Kabel Panjang Listrik untuk Perangkat Elektronik, Sambungan Kabel Outdoor & Indoor - 5M;Rp47.313;N/A;N/A;Stok: Sisa 10;Dikirim dari Kota Administrasi Jakarta Barat;Stop Kontak
Promo Elektronik Pen (EPen) Smile All Produk Halo Balita;Rp1.500.000;N/A;N/A;Stok Total: Sisa 1;Dikirim dari Jakarta Barat;Buku Islami Anak
Counter JDM11-5H DC 12V JDM11 5H 5 Digit Display Elektronik Industrial;Rp160.000;N/A;N/A;Stok Total: Sisa 4;Dikirim dari Kota Administrasi Jakarta Barat;Digital Counter
Kunci L Set Elektronik 7 pcs (0.71 - 3mm) Tekiro;Rp60.000;N/A;N/A;Stok Total: Sisa 6;Dikirim dari Jakarta Barat;Kunci L
Arieff Elektronik - Oppo Enco Buds 2 Original - Vivo tws fans;Rp199.000;N/A;N/A;Stok: 14;Dikirim dari Jakarta Utara;Earphone
Switch Mini 2 Pin - Tanpa Lampu -  Saklar On Off Elektronik Kecil 2pin - Minihitam;Rp1.044;N/A;N/A;Stok: 9.988;Dikirim dari Kota Serang;Saklar
Scotch Brite Kain Lap Microfiber 3M Elektronik dan Furniture ID-801B;Rp38.100;Rp45.400;16%;Stok Total: Sisa 2;Dikirim dari Kota Administrasi Jakarta Utara;Kain Lap
BASID 2405 Jam Tangan Olahraga Pria Multifungsi Dial Besar Tahan Air Analog-Digital Elektronik LED Tahan Guncangan - Blue;Rp628.000;N/A;N/A;Stok: Sisa 1;Dikirim dari Kab. Tangerang;Jam Tangan Digital Pria
mainan mobilan keruk elektronik off second;Rp15.000;N/A;N/A;Stok Total: Sisa 1;Dikirim dari Kota Tangerang Selatan;Mobil & Truk RC
Custom Order Komponen Elektronik ( Pesanan Khusus );Rp175.000;N/A;N/A;Stok Total: 91;Dikirim dari Kab. Bandung;Kompor Listrik
EB-C 128 TL5 BALLAST TRAVO ELEKTRONIK EB-C 128 TL5;Rp125.000;N/A;N/A;Stok Total: 70;Dikirim dari Jakarta Pusat;Bohlam
Box Kotak Hitam Plastik Elektronik Serbaguna X4 - Not Specified;Rp13.000;N/A;N/A;Stok: 99,9 rb;Dikirim dari Kota Bandung;Storage Box Multifungsi
prinsip prinsip elektronik;Rp65.000;N/A;N/A;Stok Total: Sisa 4;Dikirim dari Kota Administrasi Jakarta Utara;Buku Elektro
Krisbow Dry Cabinet Lemari Penyimpanan Barang Elektronik;Rp2.099.000;N/A;N/A;Stok Total: Sisa 8;Dikirim dari Kota Surabaya;Dry Box Kamera
[Mizan] Buku Anak Bbw : Electronics Appliances - Mengenal Alat Elektronik  (Boardbook) - 20 halaman, Standar;Rp35.000;Rp79.000;56%;Stok: 63;Dikirim dari Kota Depok;Buku Keterampilan Anak
BLUE SILICA GEL 1GR 2GR ISI 25PCS ANTI JAMUR KOROSI DLL ANTI LEMBAB TAS SEPATU ELEKTRONIK SILIKA GEL - 2GR;Rp5.000;N/A;N/A;Stok: 998;Dikirim dari Kota Surakarta;Silica Gel Kamera
backup baterai untuk door access/akses pintu mati lampu Alat Elektronik Kantor Mesin - 5a + baterai;Rp550.000;N/A;N/A;Stok: Sisa 4;Dikirim dari Kota Administrasi Jakarta Barat;Access Control Door
box putih 130x67x44 box plastik DIY elektronik kotak plastik ABS;Rp15.000;N/A;N/A;Stok Total: 1646;Dikirim dari Kab. Sleman;Storage Box Multifungsi
Timer stopwatch Digital Elektronik Dengan Layar LCD Untuk Dapur;Rp140.000;N/A;N/A;Stok Total: 1000;Dikirim dari Kota Administrasi Jakarta Utara;Stopwatch
Piano Pelangi Rainbow Mainan Alat Musik Anak Organ Elektronik;Rp34.500;N/A;N/A;Stok Total: Sisa 10;Dikirim dari Kota Malang;Piano Anak
